code,time_key,open,close,high,low,pe_ratio,turnover_rate,volume,turnover,change_rate,last_close
HK.00857,2019-07-19 09:30:00,4.00339,4.00339,4.00339,4.00339,0.0,0.0,332000,1414320.0,0.0,3.98339
HK.00857,2019-07-19 09:31:00,4.00339,4.02339,4.03339,4.00339,0.0,0.0,1290000,5511540.0,0.4995766088240332,4.00339
HK.00857,2019-07-19 09:32:00,4.02339,4.02339,4.02339,4.02339,0.0,0.0,274000,1172720.0,0.0,4.02339
HK.00857,2019-07-19 09:33:00,4.02339,4.03339,4.03339,4.02339,0.0,0.0,116000,496520.0,0.24854662361838614,4.02339
HK.00857,2019-07-19 09:34:00,4.02339,4.02339,4.02339,4.02339,0.0,0.0,12000,51360.0,-0.2479304009778322,4.03339
HK.00857,2019-07-19 09:35:00,4.02339,4.02339,4.02339,4.02339,0.0,0.0,28000,119840.0,0.0,4.02339
HK.00857,2019-07-19 09:36:00,4.02339,4.04339,4.04339,4.02339,0.0,0.0,1810000,7769280.0,0.4970932472367723,4.02339
HK.00857,2019-07-19 09:37:00,4.04339,4.04339,4.05339,4.04339,0.0,0.0,226000,971860.0,0.0,4.04339
HK.00857,2019-07-19 09:38:00,4.04339,4.04339,4.04339,4.04339,0.0,0.0,130000,559000.0,0.0,4.04339
HK.00857,2019-07-19 09:39:00,4.04339,4.04339,4.04339,4.04339,0.0,0.0,132000,567600.0,0.0,4.04339
HK.00857,2019-07-19 09:40:00,4.03339,4.03339,4.03339,4.03339,0.0,0.0,568000,2436720.0,-0.24731722638676426,4.04339
HK.00857,2019-07-19 09:41:00,4.03339,4.03339,4.04339,4.03339,0.0,0.0,54000,231760.0,0.0,4.03339
HK.00857,2019-07-19 09:42:00,4.03339,4.03339,4.04339,4.03339,0.0,0.0,34000,145880.0,0.0,4.03339
HK.00857,2019-07-19 09:43:00,4.03339,4.03339,4.03339,4.03339,0.0,0.0,82000,351780.0,0.0,4.03339
HK.00857,2019-07-19 09:44:00,4.03339,4.03339,4.03339,4.03339,0.0,0.0,0,0.0,0.0,4.03339
HK.00857,2019-07-19 09:45:00,4.03339,4.04339,4.04339,4.03339,0.0,0.0,50000,214700.0,0.2479304009778322,4.03339
HK.00857,2019-07-19 09:46:00,4.03339,4.04339,4.04339,4.03339,0.0,0.0,36000,154540.0,0.0,4.04339
HK.00857,2019-07-19 09:47:00,4.04339,4.04339,4.04339,4.04339,0.0,0.0,14000,60200.0,0.0,4.04339
HK.00857,2019-07-19 09:48:00,4.03339,4.06339,4.06339,4.03339,0.0,0.0,2076000,8933920.0,0.49463445277355045,4.04339
HK.00857,2019-07-19 09:49:00,4.06339,4.07339,4.07339,4.06339,0.0,0.0,1520000,6573160.0,0.2460999313381139,4.06339
HK.00857,2019-07-19 09:50:00,4.06339,4.07339,4.07339,4.06339,0.0,0.0,104000,449780.0,0.0,4.07339
HK.00857,2019-07-19 09:51:00,4.06339,4.06339,4.07339,4.06339,0.0,0.0,508000,2195360.0,-0.24549576642550275,4.07339
HK.00857,2019-07-19 09:52:00,4.06339,4.06339,4.07339,4.06339,0.0,0.0,586000,2531640.0,0.0,4.06339
HK.00857,2019-07-19 09:53:00,4.05339,4.06339,4.06339,4.05339,0.0,0.0,8000,34520.0,0.0,4.06339
HK.00857,2019-07-19 09:54:00,4.06339,4.05339,4.06339,4.05339,0.0,0.0,32000,137940.0,-0.2460999313381139,4.06339
HK.00857,2019-07-19 09:55:00,4.05339,4.07339,4.07339,4.05339,0.0,0.0,1926000,8326420.0,0.4934141545718416,4.05339
HK.00857,2019-07-19 09:56:00,4.06339,4.07339,4.07339,4.06339,0.0,0.0,412000,1783860.0,0.0,4.07339
HK.00857,2019-07-19 09:57:00,4.07339,4.07339,4.07339,4.07339,0.0,0.0,106000,458980.0,0.0,4.07339
HK.00857,2019-07-19 09:58:00,4.07339,4.07339,4.07339,4.07339,0.0,0.0,2000,8660.0,0.0,4.07339
HK.00857,2019-07-19 09:59:00,4.06339,4.06339,4.06339,4.06339,0.0,0.0,218000,941760.0,-0.24549576642550275,4.07339
HK.00857,2019-07-19 10:00:00,4.05339,4.05339,4.06339,4.05339,0.0,0.0,14000,60360.0,-0.2460999313381139,4.06339
HK.00857,2019-07-19 10:01:00,4.05339,4.05339,4.05339,4.05339,0.0,0.0,30000,129300.0,0.0,4.05339
HK.00857,2019-07-19 10:02:00,4.06339,4.05339,4.06339,4.05339,0.0,0.0,34000,146560.0,0.0,4.05339
HK.00857,2019-07-19 10:03:00,4.05339,4.05339,4.05339,4.05339,0.0,0.0,32000,137920.0,0.0,4.05339
HK.00857,2019-07-19 10:04:00,4.05339,4.06339,4.06339,4.05339,0.0,0.0,30000,129320.0,0.2467070772859208,4.05339
HK.00857,2019-07-19 10:05:00,4.05339,4.05339,4.05339,4.05339,0.0,0.0,144000,620640.0,-0.2460999313381139,4.06339
HK.00857,2019-07-19 10:06:00,4.05339,4.05339,4.05339,4.05339,0.0,0.0,68000,293080.0,0.0,4.05339
HK.00857,2019-07-19 10:07:00,4.06339,4.05339,4.06339,4.05339,0.0,0.0,46000,198420.0,0.0,4.05339
HK.00857,2019-07-19 10:08:00,4.05339,4.05339,4.05339,4.05339,0.0,0.0,60000,258600.0,0.0,4.05339
HK.00857,2019-07-19 10:09:00,4.06339,4.05339,4.06339,4.05339,0.0,0.0,10000,43120.0,0.0,4.05339
HK.00857,2019-07-19 10:10:00,4.05339,4.05339,4.05339,4.05339,0.0,0.0,38000,163780.0,0.0,4.05339
HK.00857,2019-07-19 10:11:00,4.05339,4.06339,4.06339,4.05339,0.0,0.0,26000,112100.0,0.2467070772859208,4.05339
HK.00857,2019-07-19 10:12:00,4.05339,4.05339,4.06339,4.05339,0.0,0.0,138000,594880.0,-0.2460999313381139,4.06339
HK.00857,2019-07-19 10:13:00,4.05339,4.05339,4.06339,4.05339,0.0,0.0,42000,181120.0,0.0,4.05339
HK.00857,2019-07-19 10:14:00,4.06339,4.05339,4.06339,4.05339,0.0,0.0,8000,34500.0,0.0,4.05339
HK.00857,2019-07-19 10:15:00,4.05339,4.06339,4.06339,4.05339,0.0,0.0,38000,164020.0,0.2467070772859208,4.05339
HK.00857,2019-07-19 10:16:00,4.06339,4.05339,4.06339,4.05339,0.0,0.0,122000,525840.0,-0.2460999313381139,4.06339
HK.00857,2019-07-19 10:17:00,4.05339,4.05339,4.05339,4.05339,0.0,0.0,0,0.0,0.0,4.05339
HK.00857,2019-07-19 10:18:00,4.05339,4.06339,4.06339,4.05339,0.0,0.0,50000,215560.0,0.2467070772859208,4.05339
HK.00857,2019-07-19 10:19:00,4.05339,4.06339,4.06339,4.05339,0.0,0.0,16000,69080.0,0.0,4.06339
HK.00857,2019-07-19 10:20:00,4.06339,4.06339,4.06339,4.06339,0.0,0.0,4000,17280.0,0.0,4.06339
HK.00857,2019-07-19 10:21:00,4.05339,4.05339,4.05339,4.05339,0.0,0.0,122000,525820.0,-0.2460999313381139,4.06339
HK.00857,2019-07-19 10:22:00,4.05339,4.05339,4.05339,4.05339,0.0,0.0,78000,336180.0,0.0,4.05339
HK.00857,2019-07-19 10:23:00,4.06339,4.05339,4.06339,4.05339,0.0,0.0,446000,1922280.0,0.0,4.05339
HK.00857,2019-07-19 10:24:00,4.05339,4.05339,4.05339,4.05339,0.0,0.0,450000,1939500.0,0.0,4.05339
HK.00857,2019-07-19 10:25:00,4.05339,4.05339,4.05339,4.05339,0.0,0.0,212000,913720.0,0.0,4.05339
HK.00857,2019-07-19 10:26:00,4.05339,4.05339,4.05339,4.05339,0.0,0.0,74000,318940.0,0.0,4.05339
HK.00857,2019-07-19 10:27:00,4.06339,4.05339,4.06339,4.05339,0.0,0.0,4000,17260.0,0.0,4.05339
HK.00857,2019-07-19 10:28:00,4.05339,4.04339,4.06339,4.04339,0.0,0.0,544000,2344300.0,-0.24670707728594277,4.05339
HK.00857,2019-07-19 10:29:00,4.05339,4.04339,4.05339,4.04339,0.0,0.0,144000,619300.0,0.0,4.04339
HK.00857,2019-07-19 10:30:00,4.05339,4.05339,4.05339,4.04339,0.0,0.0,868000,3741000.0,0.24731722638678624,4.04339
HK.00857,2019-07-19 10:31:00,4.05339,4.05339,4.05339,4.05339,0.0,0.0,30000,129300.0,0.0,4.05339
HK.00857,2019-07-19 10:32:00,4.06339,4.06339,4.06339,4.06339,0.0,0.0,16000,69120.0,0.2467070772859208,4.05339
HK.00857,2019-07-19 10:33:00,4.06339,4.06339,4.06339,4.06339,0.0,0.0,0,0.0,0.0,4.06339
HK.00857,2019-07-19 10:34:00,4.06339,4.05339,4.06339,4.05339,0.0,0.0,16000,68980.0,-0.2460999313381139,4.06339
HK.00857,2019-07-19 10:35:00,4.05339,4.05339,4.05339,4.05339,0.0,0.0,0,0.0,0.0,4.05339
HK.00857,2019-07-19 10:36:00,4.05339,4.05339,4.05339,4.05339,0.0,0.0,0,0.0,0.0,4.05339
HK.00857,2019-07-19 10:37:00,4.06339,4.06339,4.06339,4.06339,0.0,0.0,2000,8640.0,0.2467070772859208,4.05339
HK.00857,2019-07-19 10:38:00,4.05339,4.06339,4.06339,4.05339,0.0,0.0,20000,86240.0,0.0,4.06339
HK.00857,2019-07-19 10:39:00,4.06339,4.06339,4.06339,4.06339,0.0,0.0,10000,43200.0,0.0,4.06339
HK.00857,2019-07-19 10:40:00,4.05339,4.05339,4.05339,4.05339,0.0,0.0,134000,577540.0,-0.2460999313381139,4.06339
HK.00857,2019-07-19 10:41:00,4.06339,4.06339,4.06339,4.06339,0.0,0.0,2000,8640.0,0.2467070772859208,4.05339
HK.00857,2019-07-19 10:42:00,4.05339,4.05339,4.05339,4.05339,0.0,0.0,14000,60340.0,-0.2460999313381139,4.06339
HK.00857,2019-07-19 10:43:00,4.05339,4.05339,4.05339,4.05339,0.0,0.0,0,0.0,0.0,4.05339
HK.00857,2019-07-19 10:44:00,4.06339,4.05339,4.06339,4.05339,0.0,0.0,12000,51740.0,0.0,4.05339
HK.00857,2019-07-19 10:45:00,4.05339,4.05339,4.05339,4.05339,0.0,0.0,22000,94820.0,0.0,4.05339
HK.00857,2019-07-19 10:46:00,4.06339,4.05339,4.06339,4.05339,0.0,0.0,150000,646520.0,0.0,4.05339
HK.00857,2019-07-19 10:47:00,4.05339,4.05339,4.05339,4.05339,0.0,0.0,10000,43100.0,0.0,4.05339
HK.00857,2019-07-19 10:48:00,4.05339,4.05339,4.06339,4.05339,0.0,0.0,22000,94840.0,0.0,4.05339
HK.00857,2019-07-19 10:49:00,4.05339,4.05339,4.06339,4.05339,0.0,0.0,92000,396620.0,0.0,4.05339
HK.00857,2019-07-19 10:50:00,4.05339,4.05339,4.05339,4.05339,0.0,0.0,2000,8620.0,0.0,4.05339
HK.00857,2019-07-19 10:51:00,4.05339,4.06339,4.06339,4.05339,0.0,0.0,90000,388660.0,0.2467070772859208,4.05339
HK.00857,2019-07-19 10:52:00,4.05339,4.05339,4.05339,4.05339,0.0,0.0,140000,603400.0,-0.2460999313381139,4.06339
HK.00857,2019-07-19 10:53:00,4.06339,4.06339,4.06339,4.05339,0.0,0.0,20000,86240.0,0.2467070772859208,4.05339
HK.00857,2019-07-19 10:54:00,4.05339,4.05339,4.05339,4.05339,0.0,0.0,44000,189640.0,-0.2460999313381139,4.06339
HK.00857,2019-07-19 10:55:00,4.06339,4.05339,4.06339,4.05339,0.0,0.0,94000,405720.0,0.0,4.05339
HK.00857,2019-07-19 10:56:00,4.05339,4.05339,4.06339,4.05339,0.0,0.0,256000,1103540.0,0.0,4.05339
HK.00857,2019-07-19 10:57:00,4.05339,4.05339,4.05339,4.05339,0.0,0.0,144000,620640.0,0.0,4.05339
HK.00857,2019-07-19 10:58:00,4.06339,4.05339,4.06339,4.05339,0.0,0.0,28000,120700.0,0.0,4.05339
HK.00857,2019-07-19 10:59:00,4.05339,4.05339,4.05339,4.05339,0.0,0.0,18000,77580.0,0.0,4.05339
HK.00857,2019-07-19 11:00:00,4.06339,4.06339,4.06339,4.05339,0.0,0.0,12000,51760.0,0.2467070772859208,4.05339
HK.00857,2019-07-19 11:01:00,4.06339,4.06339,4.06339,4.06339,0.0,0.0,4000,17280.0,0.0,4.06339
HK.00857,2019-07-19 11:02:00,4.05339,4.06339,4.06339,4.05339,0.0,0.0,68000,293100.0,0.0,4.06339
HK.00857,2019-07-19 11:03:00,4.05339,4.05339,4.05339,4.05339,0.0,0.0,134000,577540.0,-0.2460999313381139,4.06339
HK.00857,2019-07-19 11:04:00,4.05339,4.06339,4.06339,4.05339,0.0,0.0,490000,2116420.0,0.2467070772859208,4.05339
HK.00857,2019-07-19 11:05:00,4.05339,4.05339,4.05339,4.05339,0.0,0.0,50000,215500.0,-0.2460999313381139,4.06339
HK.00857,2019-07-19 11:06:00,4.05339,4.05339,4.05339,4.05339,0.0,0.0,0,0.0,0.0,4.05339
HK.00857,2019-07-19 11:07:00,4.05339,4.06339,4.06339,4.05339,0.0,0.0,106000,457720.0,0.2467070772859208,4.05339
HK.00857,2019-07-19 11:08:00,4.06339,4.06339,4.06339,4.06339,0.0,0.0,2060000,8899200.0,0.0,4.06339
HK.00857,2019-07-19 11:09:00,4.06339,4.07339,4.07339,4.06339,0.0,0.0,8000,34580.0,0.2460999313381139,4.06339
HK.00857,2019-07-19 11:10:00,4.07339,4.07339,4.07339,4.07339,0.0,0.0,0,0.0,0.0,4.07339
HK.00857,2019-07-19 11:11:00,4.07339,4.07339,4.07339,4.07339,0.0,0.0,2000,8660.0,0.0,4.07339
HK.00857,2019-07-19 11:12:00,4.06339,4.07339,4.07339,4.06339,0.0,0.0,3616000,15656280.0,0.0,4.07339
HK.00857,2019-07-19 11:13:00,4.08339,4.07339,4.08339,4.07339,0.0,0.0,234000,1015280.0,0.0,4.07339
HK.00857,2019-07-19 11:14:00,4.08339,4.07339,4.08339,4.07339,0.0,0.0,28000,121260.0,0.0,4.07339
HK.00857,2019-07-19 11:15:00,4.07339,4.07339,4.07339,4.07339,0.0,0.0,36000,155880.0,0.0,4.07339
HK.00857,2019-07-19 11:16:00,4.07339,4.07339,4.08339,4.07339,0.0,0.0,26000,112600.0,0.0,4.07339
HK.00857,2019-07-19 11:17:00,4.07339,4.07339,4.07339,4.07339,0.0,0.0,12000,51960.0,0.0,4.07339
HK.00857,2019-07-19 11:18:00,4.07339,4.08339,4.08339,4.07339,0.0,0.0,24000,104080.0,0.24549576642550275,4.07339
HK.00857,2019-07-19 11:19:00,4.08339,4.07339,4.08339,4.07339,0.0,0.0,20000,86680.0,-0.24489456064690826,4.08339
HK.00857,2019-07-19 11:20:00,4.07339,4.07339,4.07339,4.07339,0.0,0.0,146000,632180.0,0.0,4.07339
HK.00857,2019-07-19 11:21:00,4.08339,4.07339,4.08339,4.06339,0.0,0.0,1260000,5455320.0,0.0,4.07339
HK.00857,2019-07-19 11:22:00,4.07339,4.06339,4.07339,4.06339,0.0,0.0,12000,51940.0,-0.24549576642550275,4.07339
HK.00857,2019-07-19 11:23:00,4.06339,4.06339,4.06339,4.06339,0.0,0.0,58000,250560.0,0.0,4.06339
HK.00857,2019-07-19 11:24:00,4.06339,4.06339,4.06339,4.06339,0.0,0.0,56000,241920.0,0.0,4.06339
HK.00857,2019-07-19 11:25:00,4.06339,4.06339,4.06339,4.06339,0.0,0.0,68000,293760.0,0.0,4.06339
HK.00857,2019-07-19 11:26:00,4.06339,4.06339,4.06339,4.06339,0.0,0.0,120000,518400.0,0.0,4.06339
HK.00857,2019-07-19 11:27:00,4.07339,4.06339,4.07339,4.06339,0.0,0.0,42000,181520.0,0.0,4.06339
HK.00857,2019-07-19 11:28:00,4.06339,4.06339,4.06339,4.06339,0.0,0.0,8000,34560.0,0.0,4.06339
HK.00857,2019-07-19 11:29:00,4.06339,4.06339,4.07339,4.06339,0.0,0.0,98000,423460.0,0.0,4.06339
HK.00857,2019-07-19 11:30:00,4.06339,4.06339,4.06339,4.06339,0.0,0.0,40000,172800.0,0.0,4.06339
HK.00857,2019-07-19 11:31:00,4.06339,4.06339,4.06339,4.06339,0.0,0.0,120000,518400.0,0.0,4.06339
HK.00857,2019-07-19 11:32:00,4.06339,4.06339,4.06339,4.06339,0.0,0.0,16000,69120.0,0.0,4.06339
HK.00857,2019-07-19 11:33:00,4.06339,4.06339,4.06339,4.06339,0.0,0.0,6000,25920.0,0.0,4.06339
HK.00857,2019-07-19 11:34:00,4.06339,4.06339,4.07339,4.06339,0.0,0.0,30000,129620.0,0.0,4.06339
HK.00857,2019-07-19 11:35:00,4.06339,4.06339,4.06339,4.06339,0.0,0.0,30000,129600.0,0.0,4.06339
HK.00857,2019-07-19 11:36:00,4.06339,4.06339,4.06339,4.06339,0.0,0.0,18000,77760.0,0.0,4.06339
HK.00857,2019-07-19 11:37:00,4.06339,4.06339,4.06339,4.06339,0.0,0.0,132000,570240.0,0.0,4.06339
HK.00857,2019-07-19 11:38:00,4.06339,4.06339,4.06339,4.06339,0.0,0.0,34000,146880.0,0.0,4.06339
HK.00857,2019-07-19 11:39:00,4.06339,4.06339,4.06339,4.06339,0.0,0.0,50000,216000.0,0.0,4.06339
HK.00857,2019-07-19 11:40:00,4.06339,4.06339,4.06339,4.06339,0.0,0.0,88000,380160.0,0.0,4.06339
HK.00857,2019-07-19 11:41:00,4.06339,4.06339,4.06339,4.06339,0.0,0.0,214000,924480.0,0.0,4.06339
HK.00857,2019-07-19 11:42:00,4.06339,4.06339,4.06339,4.06339,0.0,0.0,24000,103680.0,0.0,4.06339
HK.00857,2019-07-19 11:43:00,4.06339,4.06339,4.06339,4.06339,0.0,0.0,310000,1339200.0,0.0,4.06339
HK.00857,2019-07-19 11:44:00,4.06339,4.05339,4.06339,4.05339,0.0,0.0,16000,69060.0,-0.2460999313381139,4.06339
HK.00857,2019-07-19 11:45:00,4.05339,4.05339,4.05339,4.05339,0.0,0.0,0,0.0,0.0,4.05339
HK.00857,2019-07-19 11:46:00,4.05339,4.05339,4.05339,4.05339,0.0,0.0,0,0.0,0.0,4.05339
HK.00857,2019-07-19 11:47:00,4.06339,4.06339,4.06339,4.06339,0.0,0.0,2000,8640.0,0.2467070772859208,4.05339
HK.00857,2019-07-19 11:48:00,4.05339,4.05339,4.05339,4.05339,0.0,0.0,90000,387900.0,-0.2460999313381139,4.06339
HK.00857,2019-07-19 11:49:00,4.05339,4.05339,4.05339,4.05339,0.0,0.0,4000,17240.0,0.0,4.05339
HK.00857,2019-07-19 11:50:00,4.05339,4.06339,4.06339,4.05339,0.0,0.0,6000,25880.0,0.2467070772859208,4.05339
HK.00857,2019-07-19 11:51:00,4.05339,4.06339,4.06339,4.05339,0.0,0.0,6000,25880.0,0.0,4.06339
HK.00857,2019-07-19 11:52:00,4.05339,4.06339,4.06339,4.05339,0.0,0.0,14000,60400.0,0.0,4.06339
HK.00857,2019-07-19 11:53:00,4.06339,4.06339,4.06339,4.06339,0.0,0.0,30000,129600.0,0.0,4.06339
HK.00857,2019-07-19 11:54:00,4.06339,4.06339,4.06339,4.05339,0.0,0.0,98000,422580.0,0.0,4.06339
HK.00857,2019-07-19 11:55:00,4.05339,4.06339,4.06339,4.05339,0.0,0.0,34000,146740.0,0.0,4.06339
HK.00857,2019-07-19 11:56:00,4.05339,4.06339,4.06339,4.05339,0.0,0.0,52000,224300.0,0.0,4.06339
HK.00857,2019-07-19 11:57:00,4.06339,4.06339,4.06339,4.06339,0.0,0.0,20000,86400.0,0.0,4.06339
HK.00857,2019-07-19 11:58:00,4.06339,4.05339,4.06339,4.05339,0.0,0.0,28000,120840.0,-0.2460999313381139,4.06339
HK.00857,2019-07-19 11:59:00,4.06339,4.06339,4.06339,4.05339,0.0,0.0,52000,224460.0,0.2467070772859208,4.05339
HK.00857,2019-07-19 12:00:00,4.05339,4.05339,4.06339,4.05339,0.0,0.0,124000,534500.0,-0.2460999313381139,4.06339
HK.00857,2019-07-19 13:01:00,4.06339,4.05339,4.06339,4.05339,0.0,0.0,58000,250100.0,0.0,4.05339
HK.00857,2019-07-19 13:02:00,4.05339,4.05339,4.06339,4.05339,0.0,0.0,12000,51740.0,0.0,4.05339
HK.00857,2019-07-19 13:03:00,4.05339,4.05339,4.05339,4.05339,0.0,0.0,22000,94820.0,0.0,4.05339
HK.00857,2019-07-19 13:04:00,4.05339,4.06339,4.06339,4.05339,0.0,0.0,26000,112300.0,0.2467070772859208,4.05339
HK.00857,2019-07-19 13:05:00,4.06339,4.06339,4.06339,4.05339,0.0,0.0,294000,1269040.0,0.0,4.06339
HK.00857,2019-07-19 13:06:00,4.06339,4.06339,4.06339,4.06339,0.0,0.0,2000,8640.0,0.0,4.06339
HK.00857,2019-07-19 13:07:00,4.05339,4.06339,4.06339,4.05339,0.0,0.0,208000,896500.0,0.0,4.06339
HK.00857,2019-07-19 13:08:00,4.05339,4.05339,4.05339,4.05339,0.0,0.0,44000,189640.0,-0.2460999313381139,4.06339
HK.00857,2019-07-19 13:09:00,4.05339,4.05339,4.06339,4.05339,0.0,0.0,8000,34500.0,0.0,4.05339
HK.00857,2019-07-19 13:10:00,4.05339,4.05339,4.06339,4.05339,0.0,0.0,20000,86220.0,0.0,4.05339
HK.00857,2019-07-19 13:11:00,4.05339,4.05339,4.06339,4.05339,0.0,0.0,48000,206900.0,0.0,4.05339
HK.00857,2019-07-19 13:12:00,4.05339,4.05339,4.05339,4.05339,0.0,0.0,20000,86200.0,0.0,4.05339
HK.00857,2019-07-19 13:13:00,4.05339,4.05339,4.05339,4.05339,0.0,0.0,310000,1336100.0,0.0,4.05339
HK.00857,2019-07-19 13:14:00,4.05339,4.06339,4.06339,4.05339,0.0,0.0,14000,60360.0,0.2467070772859208,4.05339
HK.00857,2019-07-19 13:15:00,4.06339,4.06339,4.06339,4.06339,0.0,0.0,190000,820800.0,0.0,4.06339
HK.00857,2019-07-19 13:16:00,4.06339,4.06339,4.06339,4.06339,0.0,0.0,14000,60480.0,0.0,4.06339
HK.00857,2019-07-19 13:17:00,4.06339,4.06339,4.06339,4.06339,0.0,0.0,2000,8640.0,0.0,4.06339
HK.00857,2019-07-19 13:18:00,4.06339,4.05339,4.06339,4.05339,0.0,0.0,92000,396540.0,-0.2460999313381139,4.06339
HK.00857,2019-07-19 13:19:00,4.06339,4.06339,4.06339,4.06339,0.0,0.0,4000,17280.0,0.2467070772859208,4.05339
HK.00857,2019-07-19 13:20:00,4.06339,4.06339,4.06339,4.06339,0.0,0.0,2000,8640.0,0.0,4.06339
HK.00857,2019-07-19 13:21:00,4.05339,4.05339,4.05339,4.05339,0.0,0.0,100000,431000.0,-0.2460999313381139,4.06339
HK.00857,2019-07-19 13:22:00,4.06339,4.06339,4.06339,4.06339,0.0,0.0,2000,8640.0,0.2467070772859208,4.05339
HK.00857,2019-07-19 13:23:00,4.05339,4.05339,4.06339,4.05339,0.0,0.0,6000,25880.0,-0.2460999313381139,4.06339
HK.00857,2019-07-19 13:24:00,4.05339,4.06339,4.06339,4.05339,0.0,0.0,62000,267240.0,0.2467070772859208,4.05339
HK.00857,2019-07-19 13:25:00,4.06339,4.06339,4.06339,4.06339,0.0,0.0,0,0.0,0.0,4.06339
HK.00857,2019-07-19 13:26:00,4.06339,4.05339,4.06339,4.05339,0.0,0.0,6000,25880.0,-0.2460999313381139,4.06339
HK.00857,2019-07-19 13:27:00,4.06339,4.05339,4.06339,4.05339,0.0,0.0,28000,120700.0,0.0,4.05339
HK.00857,2019-07-19 13:28:00,4.06339,4.05339,4.06339,4.05339,0.0,0.0,4000,17260.0,0.0,4.05339
HK.00857,2019-07-19 13:29:00,4.05339,4.05339,4.05339,4.05339,0.0,0.0,2000,8620.0,0.0,4.05339
HK.00857,2019-07-19 13:30:00,4.05339,4.06339,4.06339,4.05339,0.0,0.0,88000,379300.0,0.2467070772859208,4.05339
HK.00857,2019-07-19 13:31:00,4.05339,4.05339,4.06339,4.05339,0.0,0.0,144000,620680.0,-0.2460999313381139,4.06339
HK.00857,2019-07-19 13:32:00,4.05339,4.05339,4.06339,4.05339,0.0,0.0,22000,94840.0,0.0,4.05339
HK.00857,2019-07-19 13:33:00,4.05339,4.05339,4.06339,4.05339,0.0,0.0,34000,146780.0,0.0,4.05339
HK.00857,2019-07-19 13:34:00,4.05339,4.06339,4.06339,4.05339,0.0,0.0,200000,862020.0,0.2467070772859208,4.05339
HK.00857,2019-07-19 13:35:00,4.05339,4.06339,4.06339,4.05339,0.0,0.0,298000,1284780.0,0.0,4.06339
HK.00857,2019-07-19 13:36:00,4.05339,4.06339,4.06339,4.05339,0.0,0.0,62000,267280.0,0.0,4.06339
HK.00857,2019-07-19 13:37:00,4.05339,4.05339,4.06339,4.05339,0.0,0.0,14000,60360.0,-0.2460999313381139,4.06339
HK.00857,2019-07-19 13:38:00,4.05339,4.06339,4.06339,4.05339,0.0,0.0,8000,34500.0,0.2467070772859208,4.05339
HK.00857,2019-07-19 13:39:00,4.05339,4.06339,4.06339,4.05339,0.0,0.0,24000,103460.0,0.0,4.06339
HK.00857,2019-07-19 13:40:00,4.05339,4.05339,4.06339,4.05339,0.0,0.0,34000,146560.0,-0.2460999313381139,4.06339
HK.00857,2019-07-19 13:41:00,4.05339,4.05339,4.05339,4.05339,0.0,0.0,112000,482720.0,0.0,4.05339
HK.00857,2019-07-19 13:42:00,4.05339,4.05339,4.06339,4.05339,0.0,0.0,624000,2689460.0,0.0,4.05339
HK.00857,2019-07-19 13:43:00,4.05339,4.06339,4.06339,4.05339,0.0,0.0,2106000,9077440.0,0.2467070772859208,4.05339
HK.00857,2019-07-19 13:44:00,4.06339,4.06339,4.06339,4.06339,0.0,0.0,576000,2488320.0,0.0,4.06339
HK.00857,2019-07-19 13:45:00,4.06339,4.06339,4.06339,4.06339,0.0,0.0,2000,8640.0,0.0,4.06339
HK.00857,2019-07-19 13:46:00,4.07339,4.06339,4.07339,4.06339,0.0,0.0,12000,51860.0,0.0,4.06339
HK.00857,2019-07-19 13:47:00,4.06339,4.07339,4.07339,4.06339,0.0,0.0,8000,34580.0,0.2460999313381139,4.06339
HK.00857,2019-07-19 13:48:00,4.06339,4.07339,4.07339,4.06339,0.0,0.0,252000,1088660.0,0.0,4.07339
HK.00857,2019-07-19 13:49:00,4.07339,4.07339,4.07339,4.07339,0.0,0.0,0,0.0,0.0,4.07339
HK.00857,2019-07-19 13:50:00,4.07339,4.07339,4.07339,4.07339,0.0,0.0,2000,8660.0,0.0,4.07339
HK.00857,2019-07-19 13:51:00,4.07339,4.06339,4.07339,4.06339,0.0,0.0,4000,17300.0,-0.24549576642550275,4.07339
HK.00857,2019-07-19 13:52:00,4.07339,4.06339,4.07339,4.06339,0.0,0.0,190000,820840.0,0.0,4.06339
HK.00857,2019-07-19 13:53:00,4.06339,4.06339,4.06339,4.06339,0.0,0.0,80000,345600.0,0.0,4.06339
HK.00857,2019-07-19 13:54:00,4.06339,4.06339,4.07339,4.06339,0.0,0.0,70000,302420.0,0.0,4.06339
HK.00857,2019-07-19 13:55:00,4.06339,4.06339,4.07339,4.06339,0.0,0.0,32000,138260.0,0.0,4.06339
HK.00857,2019-07-19 13:56:00,4.06339,4.06339,4.07339,4.06339,0.0,0.0,16000,69140.0,0.0,4.06339
HK.00857,2019-07-19 13:57:00,4.06339,4.06339,4.06339,4.06339,0.0,0.0,70000,302400.0,0.0,4.06339
HK.00857,2019-07-19 13:58:00,4.06339,4.06339,4.07339,4.06339,0.0,0.0,184000,794900.0,0.0,4.06339
HK.00857,2019-07-19 13:59:00,4.06339,4.06339,4.07339,4.06339,0.0,0.0,28000,121040.0,0.0,4.06339
HK.00857,2019-07-19 14:00:00,4.06339,4.06339,4.07339,4.06339,0.0,0.0,32000,138260.0,0.0,4.06339
HK.00857,2019-07-19 14:01:00,4.06339,4.06339,4.07339,4.06339,0.0,0.0,24000,103800.0,0.0,4.06339
HK.00857,2019-07-19 14:02:00,4.06339,4.06339,4.06339,4.06339,0.0,0.0,6000,25920.0,0.0,4.06339
HK.00857,2019-07-19 14:03:00,4.06339,4.07339,4.07339,4.06339,0.0,0.0,66000,285520.0,0.2460999313381139,4.06339
HK.00857,2019-07-19 14:04:00,4.06339,4.08339,4.08339,4.06339,0.0,0.0,3408000,14756060.0,0.24549576642550275,4.07339
HK.00857,2019-07-19 14:05:00,4.08339,4.07339,4.08339,4.07339,0.0,0.0,12000,52060.0,-0.24489456064690826,4.08339
HK.00857,2019-07-19 14:06:00,4.08339,4.07339,4.08339,4.07339,0.0,0.0,12000,52040.0,0.0,4.07339
HK.00857,2019-07-19 14:07:00,4.08339,4.08339,4.08339,4.07339,0.0,0.0,10000,43360.0,0.24549576642550275,4.07339
HK.00857,2019-07-19 14:08:00,4.07339,4.08339,4.08339,4.07339,0.0,0.0,102000,442660.0,0.0,4.08339
HK.00857,2019-07-19 14:09:00,4.08339,4.08339,4.08339,4.08339,0.0,0.0,24000,104160.0,0.0,4.08339
HK.00857,2019-07-19 14:10:00,4.07339,4.08339,4.08339,4.07339,0.0,0.0,398000,1723380.0,0.0,4.08339
HK.00857,2019-07-19 14:11:00,4.07339,4.07339,4.07339,4.07339,0.0,0.0,938000,4061540.0,-0.24489456064690826,4.08339
HK.00857,2019-07-19 14:12:00,4.06339,4.07339,4.07339,4.06339,0.0,0.0,124000,536800.0,0.0,4.07339
HK.00857,2019-07-19 14:13:00,4.07339,4.07339,4.07339,4.07339,0.0,0.0,2000,8660.0,0.0,4.07339
HK.00857,2019-07-19 14:14:00,4.07339,4.06339,4.07339,4.06339,0.0,0.0,24000,103760.0,-0.24549576642550275,4.07339
HK.00857,2019-07-19 14:15:00,4.07339,4.07339,4.07339,4.07339,0.0,0.0,2000,8660.0,0.2460999313381139,4.06339
HK.00857,2019-07-19 14:16:00,4.06339,4.06339,4.07339,4.06339,0.0,0.0,38000,164260.0,-0.24549576642550275,4.07339
HK.00857,2019-07-19 14:17:00,4.07339,4.07339,4.07339,4.06339,0.0,0.0,10000,43240.0,0.2460999313381139,4.06339
HK.00857,2019-07-19 14:18:00,4.06339,4.06339,4.06339,4.06339,0.0,0.0,16000,69120.0,-0.24549576642550275,4.07339
HK.00857,2019-07-19 14:19:00,4.06339,4.07339,4.07339,4.06339,0.0,0.0,62000,268260.0,0.2460999313381139,4.06339
HK.00857,2019-07-19 14:20:00,4.07339,4.06339,4.07339,4.06339,0.0,0.0,26000,112380.0,-0.24549576642550275,4.07339
HK.00857,2019-07-19 14:21:00,4.06339,4.06339,4.07339,4.06339,0.0,0.0,92000,397460.0,0.0,4.06339
HK.00857,2019-07-19 14:22:00,4.06339,4.06339,4.06339,4.06339,0.0,0.0,18000,77760.0,0.0,4.06339
HK.00857,2019-07-19 14:23:00,4.06339,4.06339,4.07339,4.06339,0.0,0.0,12000,51880.0,0.0,4.06339
HK.00857,2019-07-19 14:24:00,4.06339,4.06339,4.07339,4.06339,0.0,0.0,34000,146900.0,0.0,4.06339
HK.00857,2019-07-19 14:25:00,4.07339,4.06339,4.07339,4.06339,0.0,0.0,4000,17300.0,0.0,4.06339
HK.00857,2019-07-19 14:26:00,4.06339,4.06339,4.06339,4.06339,0.0,0.0,502000,2168640.0,0.0,4.06339
HK.00857,2019-07-19 14:27:00,4.06339,4.06339,4.06339,4.06339,0.0,0.0,4000,17280.0,0.0,4.06339
HK.00857,2019-07-19 14:28:00,4.05339,4.06339,4.06339,4.05339,0.0,0.0,38000,164000.0,0.0,4.06339
HK.00857,2019-07-19 14:29:00,4.06339,4.07339,4.07339,4.06339,0.0,0.0,908000,3922580.0,0.2460999313381139,4.06339
HK.00857,2019-07-19 14:30:00,4.06339,4.06339,4.06339,4.06339,0.0,0.0,10000,43200.0,-0.24549576642550275,4.07339
HK.00857,2019-07-19 14:31:00,4.07339,4.07339,4.07339,4.07339,0.0,0.0,2000,8660.0,0.2460999313381139,4.06339
HK.00857,2019-07-19 14:32:00,4.06339,4.07339,4.07339,4.06339,0.0,0.0,20000,86420.0,0.0,4.07339
HK.00857,2019-07-19 14:33:00,4.06339,4.07339,4.07339,4.06339,0.0,0.0,6000,25940.0,0.0,4.07339
HK.00857,2019-07-19 14:34:00,4.06339,4.07339,4.07339,4.06339,0.0,0.0,26000,112340.0,0.0,4.07339
HK.00857,2019-07-19 14:35:00,4.06339,4.07339,4.07339,4.06339,0.0,0.0,14000,60500.0,0.0,4.07339
HK.00857,2019-07-19 14:36:00,4.06339,4.06339,4.06339,4.06339,0.0,0.0,1616000,6981120.0,-0.24549576642550275,4.07339
HK.00857,2019-07-19 14:37:00,4.06339,4.06339,4.06339,4.06339,0.0,0.0,656000,2833920.0,0.0,4.06339
HK.00857,2019-07-19 14:38:00,4.06339,4.06339,4.06339,4.06339,0.0,0.0,44000,190080.0,0.0,4.06339
HK.00857,2019-07-19 14:39:00,4.06339,4.07339,4.07339,4.06339,0.0,0.0,36000,155540.0,0.2460999313381139,4.06339
HK.00857,2019-07-19 14:40:00,4.06339,4.07339,4.07339,4.06339,0.0,0.0,26000,112340.0,0.0,4.07339
HK.00857,2019-07-19 14:41:00,4.07339,4.07339,4.07339,4.06339,0.0,0.0,206000,891940.0,0.0,4.07339
HK.00857,2019-07-19 14:42:00,4.06339,4.06339,4.06339,4.06339,0.0,0.0,48000,207360.0,-0.24549576642550275,4.07339
HK.00857,2019-07-19 14:43:00,4.06339,4.06339,4.06339,4.06339,0.0,0.0,0,0.0,0.0,4.06339
HK.00857,2019-07-19 14:44:00,4.07339,4.07339,4.07339,4.06339,0.0,0.0,126000,545360.0,0.2460999313381139,4.06339
HK.00857,2019-07-19 14:45:00,4.06339,4.07339,4.07339,4.06339,0.0,0.0,12000,51860.0,0.0,4.07339
HK.00857,2019-07-19 14:46:00,4.06339,4.07339,4.07339,4.06339,0.0,0.0,130000,561640.0,0.0,4.07339
HK.00857,2019-07-19 14:47:00,4.06339,4.06339,4.06339,4.06339,0.0,0.0,690000,2980800.0,-0.24549576642550275,4.07339
HK.00857,2019-07-19 14:48:00,4.06339,4.06339,4.06339,4.06339,0.0,0.0,756000,3265920.0,0.0,4.06339
HK.00857,2019-07-19 14:49:00,4.06339,4.07339,4.07339,4.06339,0.0,0.0,10000,43220.0,0.2460999313381139,4.06339
HK.00857,2019-07-19 14:50:00,4.06339,4.06339,4.06339,4.06339,0.0,0.0,20000,86400.0,-0.24549576642550275,4.07339
HK.00857,2019-07-19 14:51:00,4.06339,4.06339,4.06339,4.06339,0.0,0.0,18000,77760.0,0.0,4.06339
HK.00857,2019-07-19 14:52:00,4.06339,4.06339,4.06339,4.06339,0.0,0.0,420000,1814400.0,0.0,4.06339
HK.00857,2019-07-19 14:53:00,4.06339,4.06339,4.06339,4.06339,0.0,0.0,344000,1486080.0,0.0,4.06339
HK.00857,2019-07-19 14:54:00,4.06339,4.06339,4.06339,4.06339,0.0,0.0,16000,69120.0,0.0,4.06339
HK.00857,2019-07-19 14:55:00,4.06339,4.06339,4.06339,4.06339,0.0,0.0,6000,25920.0,0.0,4.06339
HK.00857,2019-07-19 14:56:00,4.05339,4.06339,4.06339,4.05339,0.0,0.0,36000,155340.0,0.0,4.06339
HK.00857,2019-07-19 14:57:00,4.06339,4.06339,4.06339,4.06339,0.0,0.0,24000,103680.0,0.0,4.06339
HK.00857,2019-07-19 14:58:00,4.05339,4.06339,4.06339,4.05339,0.0,0.0,74000,319440.0,0.0,4.06339
HK.00857,2019-07-19 14:59:00,4.06339,4.06339,4.06339,4.06339,0.0,0.0,24000,103680.0,0.0,4.06339
HK.00857,2019-07-19 15:00:00,4.06339,4.05339,4.06339,4.05339,0.0,0.0,674000,2905000.0,-0.2460999313381139,4.06339
HK.00857,2019-07-19 15:01:00,4.05339,4.04339,4.05339,4.04339,0.0,0.0,78000,335420.0,-0.24670707728594277,4.05339
HK.00857,2019-07-19 15:02:00,4.05339,4.04339,4.05339,4.04339,0.0,0.0,34000,146220.0,0.0,4.04339
HK.00857,2019-07-19 15:03:00,4.04339,4.04339,4.04339,4.04339,0.0,0.0,992000,4265600.0,0.0,4.04339
HK.00857,2019-07-19 15:04:00,4.04339,4.03339,4.04339,4.03339,0.0,0.0,656000,2819800.0,-0.24731722638676426,4.04339
HK.00857,2019-07-19 15:05:00,4.04339,4.04339,4.04339,4.04339,0.0,0.0,42000,180600.0,0.2479304009778322,4.03339
HK.00857,2019-07-19 15:06:00,4.03339,4.04339,4.04339,4.03339,0.0,0.0,406000,1741760.0,0.0,4.04339
HK.00857,2019-07-19 15:07:00,4.03339,4.03339,4.04339,4.03339,0.0,0.0,970000,4161380.0,-0.24731722638676426,4.04339
HK.00857,2019-07-19 15:08:00,4.03339,4.04339,4.04339,4.03339,0.0,0.0,36000,154480.0,0.2479304009778322,4.03339
HK.00857,2019-07-19 15:09:00,4.03339,4.04339,4.04339,4.03339,0.0,0.0,44000,189080.0,0.0,4.04339
HK.00857,2019-07-19 15:10:00,4.03339,4.04339,4.04339,4.03339,0.0,0.0,78000,334640.0,0.0,4.04339
HK.00857,2019-07-19 15:11:00,4.03339,4.03339,4.04339,4.03339,0.0,0.0,40000,171640.0,-0.24731722638676426,4.04339
HK.00857,2019-07-19 15:12:00,4.03339,4.03339,4.03339,4.03339,0.0,0.0,90000,386100.0,0.0,4.03339
HK.00857,2019-07-19 15:13:00,4.03339,4.03339,4.04339,4.03339,0.0,0.0,30000,128740.0,0.0,4.03339
HK.00857,2019-07-19 15:14:00,4.04339,4.03339,4.04339,4.03339,0.0,0.0,1274000,5465600.0,0.0,4.03339
HK.00857,2019-07-19 15:15:00,4.03339,4.03339,4.03339,4.03339,0.0,0.0,498000,2136420.0,0.0,4.03339
HK.00857,2019-07-19 15:16:00,4.03339,4.04339,4.04339,4.03339,0.0,0.0,1698000,7300180.0,0.2479304009778322,4.03339
HK.00857,2019-07-19 15:17:00,4.04339,4.05339,4.05339,4.04339,0.0,0.0,32000,137680.0,0.24731722638678624,4.04339
HK.00857,2019-07-19 15:18:00,4.05339,4.04339,4.05339,4.04339,0.0,0.0,52000,223620.0,-0.24670707728594277,4.05339
HK.00857,2019-07-19 15:19:00,4.04339,4.04339,4.04339,4.04339,0.0,0.0,44000,189200.0,0.0,4.04339
HK.00857,2019-07-19 15:20:00,4.04339,4.04339,4.04339,4.04339,0.0,0.0,106000,455800.0,0.0,4.04339
HK.00857,2019-07-19 15:21:00,4.04339,4.04339,4.04339,4.04339,0.0,0.0,8000,34400.0,0.0,4.04339
HK.00857,2019-07-19 15:22:00,4.05339,4.04339,4.05339,4.04339,0.0,0.0,40000,172020.0,0.0,4.04339
HK.00857,2019-07-19 15:23:00,4.04339,4.04339,4.04339,4.04339,0.0,0.0,4000,17200.0,0.0,4.04339
HK.00857,2019-07-19 15:24:00,4.04339,4.04339,4.04339,4.04339,0.0,0.0,134000,576200.0,0.0,4.04339
HK.00857,2019-07-19 15:25:00,4.04339,4.04339,4.05339,4.04339,0.0,0.0,110000,473020.0,0.0,4.04339
HK.00857,2019-07-19 15:26:00,4.05339,4.04339,4.05339,4.04339,0.0,0.0,174000,748220.0,0.0,4.04339
HK.00857,2019-07-19 15:27:00,4.04339,4.04339,4.04339,4.04339,0.0,0.0,28000,120400.0,0.0,4.04339
HK.00857,2019-07-19 15:28:00,4.04339,4.05339,4.05339,4.04339,0.0,0.0,78000,335420.0,0.24731722638678624,4.04339
HK.00857,2019-07-19 15:29:00,4.04339,4.04339,4.05339,4.04339,0.0,0.0,108000,464420.0,-0.24670707728594277,4.05339
HK.00857,2019-07-19 15:30:00,4.04339,4.05339,4.05339,4.04339,0.0,0.0,226000,971820.0,0.24731722638678624,4.04339
HK.00857,2019-07-19 15:31:00,4.04339,4.04339,4.05339,4.04339,0.0,0.0,118000,507600.0,-0.24670707728594277,4.05339
HK.00857,2019-07-19 15:32:00,4.04339,4.05339,4.05339,4.04339,0.0,0.0,216000,928820.0,0.24731722638678624,4.04339
HK.00857,2019-07-19 15:33:00,4.04339,4.04339,4.04339,4.04339,0.0,0.0,246000,1057800.0,-0.24670707728594277,4.05339
HK.00857,2019-07-19 15:34:00,4.04339,4.04339,4.05339,4.04339,0.0,0.0,112000,481620.0,0.0,4.04339
HK.00857,2019-07-19 15:35:00,4.04339,4.04339,4.04339,4.04339,0.0,0.0,116000,498800.0,0.0,4.04339
HK.00857,2019-07-19 15:36:00,4.04339,4.04339,4.05339,4.04339,0.0,0.0,434000,1866220.0,0.0,4.04339
HK.00857,2019-07-19 15:37:00,4.04339,4.04339,4.05339,4.04339,0.0,0.0,160000,688020.0,0.0,4.04339
HK.00857,2019-07-19 15:38:00,4.04339,4.04339,4.05339,4.04339,0.0,0.0,228000,980440.0,0.0,4.04339
HK.00857,2019-07-19 15:39:00,4.04339,4.04339,4.05339,4.04339,0.0,0.0,302000,1298620.0,0.0,4.04339
HK.00857,2019-07-19 15:40:00,4.04339,4.04339,4.05339,4.04339,0.0,0.0,350000,1505020.0,0.0,4.04339
HK.00857,2019-07-19 15:41:00,4.04339,4.05339,4.05339,4.04339,0.0,0.0,148000,636560.0,0.24731722638678624,4.04339
HK.00857,2019-07-19 15:42:00,4.04339,4.04339,4.04339,4.04339,0.0,0.0,368000,1582400.0,-0.24670707728594277,4.05339
HK.00857,2019-07-19 15:43:00,4.04339,4.03339,4.04339,4.03339,0.0,0.0,1108000,4762660.0,-0.24731722638676426,4.04339
HK.00857,2019-07-19 15:44:00,4.03339,4.04339,4.04339,4.03339,0.0,0.0,442000,1897700.0,0.2479304009778322,4.03339
HK.00857,2019-07-19 15:45:00,4.04339,4.05339,4.05339,4.03339,0.0,0.0,2698000,11599820.0,0.24731722638678624,4.04339
HK.00857,2019-07-19 15:46:00,4.05339,4.05339,4.05339,4.04339,0.0,0.0,102000,438940.0,0.0,4.05339
HK.00857,2019-07-19 15:47:00,4.04339,4.04339,4.05339,4.03339,0.0,0.0,1778000,7644660.0,-0.24670707728594277,4.05339
HK.00857,2019-07-19 15:48:00,4.03339,4.03339,4.04339,4.03339,0.0,0.0,304000,1304180.0,-0.24731722638676426,4.04339
HK.00857,2019-07-19 15:49:00,4.03339,4.04339,4.04339,4.03339,0.0,0.0,298000,1278860.0,0.2479304009778322,4.03339
HK.00857,2019-07-19 15:50:00,4.03339,4.04339,4.04339,4.03339,0.0,0.0,690000,2962700.0,0.0,4.04339
HK.00857,2019-07-19 15:51:00,4.03339,4.04339,4.04339,4.03339,0.0,0.0,124000,532480.0,0.0,4.04339
HK.00857,2019-07-19 15:52:00,4.03339,4.03339,4.03339,4.03339,0.0,0.0,88000,377520.0,-0.24731722638676426,4.04339
HK.00857,2019-07-19 15:53:00,4.03339,4.04339,4.04339,4.03339,0.0,0.0,174000,747100.0,0.2479304009778322,4.03339
HK.00857,2019-07-19 15:54:00,4.03339,4.04339,4.04339,4.03339,0.0,0.0,206000,883760.0,0.0,4.04339
HK.00857,2019-07-19 15:55:00,4.03339,4.04339,4.04339,4.03339,0.0,0.0,310000,1330640.0,0.0,4.04339
HK.00857,2019-07-19 15:56:00,4.04339,4.04339,4.04339,4.03339,0.0,0.0,986000,4237460.0,0.0,4.04339
HK.00857,2019-07-19 15:57:00,4.03339,4.04339,4.04339,4.03339,0.0,0.0,1182000,5078100.0,0.0,4.04339
HK.00857,2019-07-19 15:58:00,4.03339,4.04339,4.04339,4.03339,0.0,0.0,268000,1150840.0,0.0,4.04339
HK.00857,2019-07-19 15:59:00,4.04339,4.03339,4.04339,4.03339,0.0,0.0,614000,2636660.0,-0.24731722638676426,4.04339
HK.00857,2019-07-19 16:00:00,4.04339,4.03339,4.04339,4.03339,0.0,0.0,11908000,51088080.0,0.0,4.03339
