code,time_key,open,close,high,low,pe_ratio,turnover_rate,volume,turnover,change_rate,last_close
HK.02269,2019-04-18 09:30:00,27.966387,27.966387,27.966387,27.966387,0.0,0.0,23000,1929700.0,0.0,27.8830545
HK.02269,2019-04-18 09:31:00,27.8830545,27.466392,27.8830545,27.33306,0.0,0.0,62500,5158025.0,-1.7878426698450607,27.966387
HK.02269,2019-04-18 09:32:00,27.4497255,27.4163925,27.6163905,27.3830595,0.0,0.0,141000,11639525.0,-0.18203883495145057,27.466392
HK.02269,2019-04-18 09:33:00,27.3830595,27.466392,27.466392,27.3830595,0.0,0.0,15500,1274700.0,0.18237082066868726,27.4163925
HK.02269,2019-04-18 09:34:00,27.4163925,27.399726,27.433059,27.3830595,0.0,0.0,12000,986900.0,-0.2427184466019341,27.466392
HK.02269,2019-04-18 09:35:00,27.4497255,27.4163925,27.4497255,27.4163925,0.0,0.0,5000,411650.0,0.06082725060827058,27.399726
HK.02269,2019-04-18 09:36:00,27.4163925,27.4163925,27.466392,27.4163925,0.0,0.0,34000,2798600.0,0.0,27.4163925
HK.02269,2019-04-18 09:37:00,27.4163925,27.266394,27.466392,27.266394,0.0,0.0,69500,5698675.0,-0.5471124620060877,27.4163925
HK.02269,2019-04-18 09:38:00,27.2830605,27.3163935,27.33306,27.2830605,0.0,0.0,3500,286800.0,0.18337408312959158,27.266394
HK.02269,2019-04-18 09:39:00,27.33306,27.3163935,27.33306,27.3163935,0.0,0.0,7000,573875.0,0.0,27.3163935
HK.02269,2019-04-18 09:40:00,27.33306,27.366393,27.366393,27.33306,0.0,0.0,17500,1435625.0,0.18303843807198933,27.3163935
HK.02269,2019-04-18 09:41:00,27.3497265,27.3163935,27.366393,27.233061,0.0,0.0,48500,3972100.0,-0.182704019488423,27.366393
HK.02269,2019-04-18 09:42:00,27.2830605,27.233061,27.299727,27.233061,0.0,0.0,15500,1268375.0,-0.30506406345332854,27.3163935
HK.02269,2019-04-18 09:43:00,27.2163945,27.2163945,27.2830605,27.2163945,0.0,0.0,17000,1389275.0,-0.06119951040391483,27.233061
HK.02269,2019-04-18 09:44:00,27.233061,27.233061,27.233061,27.2163945,0.0,0.0,13500,1102875.0,0.06123698714023077,27.2163945
HK.02269,2019-04-18 09:45:00,27.233061,27.2163945,27.233061,27.199728,0.0,0.0,27500,2245275.0,-0.06119951040391483,27.233061
HK.02269,2019-04-18 09:46:00,27.199728,26.9497305,27.199728,26.8497315,0.0,0.0,143000,11614425.0,-0.9797917942437183,27.2163945
HK.02269,2019-04-18 09:47:00,26.966397,27.199728,27.2163945,26.966397,0.0,0.0,73000,5929825.0,0.927643784786639,26.9497305
HK.02269,2019-04-18 09:48:00,27.1497285,27.033063,27.199728,26.8830645,0.0,0.0,65500,5309800.0,-0.6127450980392224,27.199728
HK.02269,2019-04-18 09:49:00,27.033063,27.0497295,27.099729,27.033063,0.0,0.0,11500,933350.0,0.06165228113441317,27.033063
HK.02269,2019-04-18 09:50:00,27.0497295,27.066396,27.1163955,27.0497295,0.0,0.0,17000,1380900.0,0.061614294516325836,27.0497295
HK.02269,2019-04-18 09:51:00,27.0830625,27.133062,27.1497285,27.0830625,0.0,0.0,11500,935400.0,0.24630541871920403,27.066396
HK.02269,2019-04-18 09:52:00,27.133062,27.1163955,27.133062,27.066396,0.0,0.0,16500,1341725.0,-0.061425061425059484,27.133062
HK.02269,2019-04-18 09:53:00,27.066396,26.966397,27.1163955,26.9497305,0.0,0.0,31000,2514650.0,-0.5531653349723373,27.1163955
HK.02269,2019-04-18 09:54:00,26.966397,26.9830635,26.9830635,26.966397,0.0,0.0,2500,202300.0,0.061804697156981975,26.966397
HK.02269,2019-04-18 09:55:00,26.9830635,27.033063,27.0497295,26.9830635,0.0,0.0,48500,3929700.0,0.18529956763433633,26.9830635
HK.02269,2019-04-18 09:56:00,27.0163965,26.9830635,27.033063,26.966397,0.0,0.0,18000,1457850.0,-0.1849568434032001,27.033063
HK.02269,2019-04-18 09:57:00,26.9830635,26.9830635,26.9830635,26.933064,0.0,0.0,21500,1737925.0,0.0,26.9830635
HK.02269,2019-04-18 09:58:00,26.966397,27.033063,27.033063,26.9497305,0.0,0.0,20000,1619675.0,0.18529956763433633,26.9830635
HK.02269,2019-04-18 09:59:00,27.0163965,26.9830635,27.0163965,26.9830635,0.0,0.0,9500,769650.0,-0.1849568434032001,27.033063
HK.02269,2019-04-18 10:00:00,26.9830635,26.966397,26.9830635,26.9497305,0.0,0.0,31000,2508225.0,-0.06176652254477878,26.9830635
HK.02269,2019-04-18 10:01:00,26.9497305,26.9497305,26.9497305,26.9497305,0.0,0.0,2500,202125.0,-0.061804697156981975,26.966397
HK.02269,2019-04-18 10:02:00,26.9497305,26.966397,26.966397,26.9497305,0.0,0.0,4000,323525.0,0.06184291898577417,26.9497305
HK.02269,2019-04-18 10:03:00,26.966397,26.966397,26.966397,26.966397,0.0,0.0,3500,283150.0,0.0,26.966397
HK.02269,2019-04-18 10:04:00,26.966397,27.0163965,27.0163965,26.966397,0.0,0.0,37500,3035325.0,0.18541409147094592,26.966397
HK.02269,2019-04-18 10:05:00,27.0163965,27.033063,27.033063,27.0163965,0.0,0.0,19500,1580825.0,0.061690314620602614,27.0163965
HK.02269,2019-04-18 10:06:00,27.033063,27.0497295,27.066396,27.033063,0.0,0.0,32500,2636525.0,0.06165228113441317,27.033063
HK.02269,2019-04-18 10:07:00,27.0497295,26.9830635,27.066396,26.9830635,0.0,0.0,33500,2716750.0,-0.2464571780653165,27.0497295
HK.02269,2019-04-18 10:08:00,26.966397,26.9830635,26.9830635,26.933064,0.0,0.0,19500,1577350.0,0.0,26.9830635
HK.02269,2019-04-18 10:09:00,26.9497305,27.033063,27.033063,26.899731,0.0,0.0,31000,2508900.0,0.18529956763433633,26.9830635
HK.02269,2019-04-18 10:10:00,27.033063,27.0497295,27.0497295,27.033063,0.0,0.0,6500,527400.0,0.06165228113441317,27.033063
HK.02269,2019-04-18 10:11:00,27.0497295,27.0497295,27.099729,27.0497295,0.0,0.0,6000,487125.0,0.0,27.0497295
HK.02269,2019-04-18 10:12:00,27.066396,27.0830625,27.0830625,27.066396,0.0,0.0,1000,81225.0,0.12322858903265167,27.0497295
HK.02269,2019-04-18 10:13:00,27.0830625,27.0830625,27.0830625,27.0830625,0.0,0.0,1000,81250.0,0.0,27.0830625
HK.02269,2019-04-18 10:14:00,27.0830625,27.0830625,27.0830625,27.066396,0.0,0.0,3500,284350.0,0.0,27.0830625
HK.02269,2019-04-18 10:15:00,27.0830625,27.0830625,27.099729,27.066396,0.0,0.0,8000,650050.0,0.0,27.0830625
HK.02269,2019-04-18 10:16:00,27.099729,27.099729,27.099729,27.0830625,0.0,0.0,3000,243875.0,0.06153846153845959,27.0830625
HK.02269,2019-04-18 10:17:00,27.1163955,27.1163955,27.1163955,27.099729,0.0,0.0,4500,366000.0,0.061500615006148125,27.099729
HK.02269,2019-04-18 10:18:00,27.1163955,27.1163955,27.1163955,27.099729,0.0,0.0,7000,569350.0,0.0,27.1163955
HK.02269,2019-04-18 10:19:00,27.1163955,27.1497285,27.1497285,27.1163955,0.0,0.0,9000,732425.0,0.12292562999384983,27.1163955
HK.02269,2019-04-18 10:20:00,27.1163955,27.033063,27.133062,27.033063,0.0,0.0,23000,1869700.0,-0.42971147943523585,27.1497285
HK.02269,2019-04-18 10:21:00,27.066396,27.0830625,27.0830625,27.0497295,0.0,0.0,3500,284175.0,0.18495684340321322,27.033063
HK.02269,2019-04-18 10:22:00,27.1163955,27.1163955,27.133062,27.1163955,0.0,0.0,4000,325425.0,0.12307692307691918,27.0830625
HK.02269,2019-04-18 10:23:00,27.133062,27.133062,27.133062,27.099729,0.0,0.0,9000,732350.0,0.061462814996924915,27.1163955
HK.02269,2019-04-18 10:24:00,27.1163955,27.1163955,27.1163955,27.1163955,0.0,0.0,1000,81350.0,-0.061425061425059484,27.133062
HK.02269,2019-04-18 10:25:00,27.1163955,27.099729,27.1163955,27.099729,0.0,0.0,3000,244025.0,-0.061462814996924915,27.1163955
HK.02269,2019-04-18 10:26:00,27.1163955,27.1497285,27.166395,27.099729,0.0,0.0,20000,1628125.0,0.18450184501844435,27.099729
HK.02269,2019-04-18 10:27:00,27.1497285,27.133062,27.1497285,27.133062,0.0,0.0,7000,570100.0,-0.06138735420503183,27.1497285
HK.02269,2019-04-18 10:28:00,27.1497285,27.1497285,27.1497285,27.1497285,0.0,0.0,1500,122175.0,0.061425061425059484,27.133062
HK.02269,2019-04-18 10:29:00,27.1497285,27.166395,27.166395,27.133062,0.0,0.0,10500,855325.0,0.06138735420504492,27.1497285
HK.02269,2019-04-18 10:30:00,27.166395,27.1830615,27.1830615,27.166395,0.0,0.0,5500,448275.0,0.061349693251531806,27.166395
HK.02269,2019-04-18 10:31:00,27.1830615,27.1163955,27.1830615,27.1163955,0.0,0.0,27000,2199000.0,-0.24524831391784713,27.1830615
HK.02269,2019-04-18 10:32:00,27.099729,27.099729,27.099729,27.066396,0.0,0.0,6500,528350.0,-0.061462814996924915,27.1163955
HK.02269,2019-04-18 10:33:00,27.1163955,27.133062,27.133062,27.099729,0.0,0.0,4500,366125.0,0.12300123001229625,27.099729
HK.02269,2019-04-18 10:34:00,27.133062,27.133062,27.133062,27.133062,0.0,0.0,1500,122100.0,0.0,27.133062
HK.02269,2019-04-18 10:35:00,27.1163955,27.1163955,27.133062,27.1163955,0.0,0.0,10000,813525.0,-0.061425061425059484,27.133062
HK.02269,2019-04-18 10:36:00,27.133062,27.0497295,27.133062,27.0497295,0.0,0.0,16000,1300450.0,-0.24585125998769966,27.1163955
HK.02269,2019-04-18 10:37:00,27.0830625,27.0830625,27.0830625,27.0497295,0.0,0.0,3000,243575.0,0.12322858903265167,27.0497295
HK.02269,2019-04-18 10:38:00,27.066396,27.033063,27.066396,26.99973,0.0,0.0,13500,1094300.0,-0.1846153846153919,27.0830625
HK.02269,2019-04-18 10:39:00,27.0163965,27.0497295,27.0497295,27.0163965,0.0,0.0,8500,689375.0,0.06165228113441317,27.033063
HK.02269,2019-04-18 10:40:00,27.0497295,27.1497285,27.1497285,27.0497295,0.0,0.0,23500,1908975.0,0.36968576709795503,27.0497295
HK.02269,2019-04-18 10:41:00,27.1497285,27.1497285,27.1497285,27.1497285,0.0,0.0,0,0.0,0.0,27.1497285
HK.02269,2019-04-18 10:42:00,27.1497285,27.1497285,27.1497285,27.1497285,0.0,0.0,0,0.0,0.0,27.1497285
HK.02269,2019-04-18 10:43:00,27.1497285,27.1497285,27.1497285,27.133062,0.0,0.0,21500,1750275.0,0.0,27.1497285
HK.02269,2019-04-18 10:44:00,27.133062,27.1497285,27.1497285,27.133062,0.0,0.0,2000,162875.0,0.0,27.1497285
HK.02269,2019-04-18 10:45:00,27.133062,27.1497285,27.1497285,27.133062,0.0,0.0,15000,1221700.0,0.0,27.1497285
HK.02269,2019-04-18 10:46:00,27.1497285,27.1497285,27.1497285,27.1497285,0.0,0.0,0,0.0,0.0,27.1497285
HK.02269,2019-04-18 10:47:00,27.1497285,27.1497285,27.1497285,27.1497285,0.0,0.0,500,40725.0,0.0,27.1497285
HK.02269,2019-04-18 10:48:00,27.1497285,27.1497285,27.166395,27.1497285,0.0,0.0,3500,285100.0,0.0,27.1497285
HK.02269,2019-04-18 10:49:00,27.1497285,27.166395,27.166395,27.1497285,0.0,0.0,2500,203725.0,0.06138735420504492,27.1497285
HK.02269,2019-04-18 10:50:00,27.166395,27.166395,27.166395,27.166395,0.0,0.0,2000,163000.0,0.0,27.166395
HK.02269,2019-04-18 10:51:00,27.166395,27.166395,27.166395,27.1497285,0.0,0.0,16000,1303325.0,0.0,27.166395
HK.02269,2019-04-18 10:52:00,27.1497285,27.2830605,27.2830605,27.1497285,0.0,0.0,22000,1795325.0,0.4294478527607357,27.166395
HK.02269,2019-04-18 10:53:00,27.2830605,27.2830605,27.2830605,27.2830605,0.0,0.0,2000,163700.0,0.0,27.2830605
HK.02269,2019-04-18 10:54:00,27.299727,27.299727,27.299727,27.299727,0.0,0.0,500,40950.0,0.061087354917530146,27.2830605
HK.02269,2019-04-18 10:55:00,27.299727,27.33306,27.33306,27.299727,0.0,0.0,56000,4591100.0,0.12210012210011824,27.299727
HK.02269,2019-04-18 10:56:00,27.33306,27.3163935,27.33306,27.3163935,0.0,0.0,3500,286950.0,-0.06097560975609563,27.33306
HK.02269,2019-04-18 10:57:00,27.299727,27.3163935,27.3163935,27.299727,0.0,0.0,5000,409725.0,0.0,27.3163935
HK.02269,2019-04-18 10:58:00,27.3163935,27.3163935,27.3163935,27.3163935,0.0,0.0,2000,163900.0,0.0,27.3163935
HK.02269,2019-04-18 10:59:00,27.3163935,27.3163935,27.3163935,27.299727,0.0,0.0,4000,327775.0,0.0,27.3163935
HK.02269,2019-04-18 11:00:00,27.3163935,27.299727,27.3163935,27.299727,0.0,0.0,1000,81925.0,-0.06101281269066311,27.3163935
HK.02269,2019-04-18 11:01:00,27.299727,27.299727,27.299727,27.299727,0.0,0.0,9500,778050.0,0.0,27.299727
HK.02269,2019-04-18 11:02:00,27.3163935,27.3163935,27.3163935,27.3163935,0.0,0.0,1000,81950.0,0.06105006105005912,27.299727
HK.02269,2019-04-18 11:03:00,27.3163935,27.3163935,27.3163935,27.3163935,0.0,0.0,500,40975.0,0.0,27.3163935
HK.02269,2019-04-18 11:04:00,27.3163935,27.3163935,27.3163935,27.3163935,0.0,0.0,0,0.0,0.0,27.3163935
HK.02269,2019-04-18 11:05:00,27.3163935,27.3163935,27.3163935,27.3163935,0.0,0.0,0,0.0,0.0,27.3163935
HK.02269,2019-04-18 11:06:00,27.299727,27.2163945,27.3163935,27.2163945,0.0,0.0,19500,1595475.0,-0.3660768761439917,27.3163935
HK.02269,2019-04-18 11:07:00,27.2163945,27.2163945,27.2163945,27.2163945,0.0,0.0,0,0.0,0.0,27.2163945
HK.02269,2019-04-18 11:08:00,27.199728,27.1830615,27.199728,27.1830615,0.0,0.0,4000,326375.0,-0.12247397428046154,27.2163945
HK.02269,2019-04-18 11:09:00,27.1830615,27.1830615,27.1830615,27.1830615,0.0,0.0,0,0.0,0.0,27.1830615
HK.02269,2019-04-18 11:10:00,27.166395,27.0830625,27.166395,27.0830625,0.0,0.0,28500,2322250.0,-0.36787247087676417,27.1830615
HK.02269,2019-04-18 11:11:00,27.0830625,27.0830625,27.0830625,27.0830625,0.0,0.0,1000,81250.0,0.0,27.0830625
HK.02269,2019-04-18 11:12:00,27.099729,27.166395,27.166395,27.099729,0.0,0.0,1000,81425.0,0.3076923076923111,27.0830625
HK.02269,2019-04-18 11:13:00,27.1163955,27.1163955,27.1163955,27.1163955,0.0,0.0,500,40675.0,-0.18404907975460846,27.166395
HK.02269,2019-04-18 11:14:00,27.1163955,27.1163955,27.1163955,27.1163955,0.0,0.0,0,0.0,0.0,27.1163955
HK.02269,2019-04-18 11:15:00,27.1163955,27.1163955,27.1163955,27.1163955,0.0,0.0,0,0.0,0.0,27.1163955
HK.02269,2019-04-18 11:16:00,27.1163955,27.1163955,27.133062,27.099729,0.0,0.0,9000,732200.0,0.0,27.1163955
HK.02269,2019-04-18 11:17:00,27.099729,27.099729,27.1163955,27.0830625,0.0,0.0,12000,975475.0,-0.061462814996924915,27.1163955
HK.02269,2019-04-18 11:18:00,27.099729,27.1497285,27.1497285,27.099729,0.0,0.0,29000,2359550.0,0.18450184501844435,27.099729
HK.02269,2019-04-18 11:19:00,27.1497285,27.1497285,27.1497285,27.1497285,0.0,0.0,0,0.0,0.0,27.1497285
HK.02269,2019-04-18 11:20:00,27.1497285,27.1497285,27.1497285,27.1497285,0.0,0.0,0,0.0,0.0,27.1497285
HK.02269,2019-04-18 11:21:00,27.1497285,27.1497285,27.1497285,27.1497285,0.0,0.0,0,0.0,0.0,27.1497285
HK.02269,2019-04-18 11:22:00,27.166395,27.1497285,27.166395,27.1497285,0.0,0.0,1000,81475.0,0.0,27.1497285
HK.02269,2019-04-18 11:23:00,27.166395,27.166395,27.166395,27.166395,0.0,0.0,2500,203750.0,0.06138735420504492,27.1497285
HK.02269,2019-04-18 11:24:00,27.166395,27.166395,27.166395,27.166395,0.0,0.0,14000,1141000.0,0.0,27.166395
HK.02269,2019-04-18 11:25:00,27.166395,27.166395,27.166395,27.133062,0.0,0.0,17500,1425875.0,0.0,27.166395
HK.02269,2019-04-18 11:26:00,27.1497285,27.1497285,27.1497285,27.1497285,0.0,0.0,500,40725.0,-0.06134969325154488,27.166395
HK.02269,2019-04-18 11:27:00,27.1163955,27.1497285,27.1497285,27.0830625,0.0,0.0,7500,610025.0,0.0,27.1497285
HK.02269,2019-04-18 11:28:00,27.133062,27.133062,27.133062,27.133062,0.0,0.0,0,0.0,-0.06138735420503183,27.1497285
HK.02269,2019-04-18 11:29:00,27.1163955,27.0830625,27.1163955,27.0830625,0.0,0.0,5500,447100.0,-0.18427518427517847,27.133062
HK.02269,2019-04-18 11:30:00,27.099729,27.099729,27.099729,27.066396,0.0,0.0,4000,324900.0,0.06153846153845959,27.0830625
HK.02269,2019-04-18 11:31:00,27.099729,27.099729,27.099729,27.099729,0.0,0.0,0,0.0,0.0,27.099729
HK.02269,2019-04-18 11:32:00,27.0830625,26.99973,27.0830625,26.99973,0.0,0.0,10500,851425.0,-0.3690036900369018,27.099729
HK.02269,2019-04-18 11:33:00,26.99973,26.99973,26.99973,26.99973,0.0,0.0,0,0.0,0.0,26.99973
HK.02269,2019-04-18 11:34:00,27.033063,27.0497295,27.0497295,26.99973,0.0,0.0,11000,892125.0,0.1851851851851925,26.99973
HK.02269,2019-04-18 11:35:00,27.033063,27.033063,27.033063,27.033063,0.0,0.0,500,40550.0,-0.06161429451633897,27.0497295
HK.02269,2019-04-18 11:36:00,27.0497295,27.0497295,27.0497295,27.0497295,0.0,0.0,500,40575.0,0.06165228113441317,27.033063
HK.02269,2019-04-18 11:37:00,27.0497295,27.0497295,27.0497295,27.0497295,0.0,0.0,500,40575.0,0.0,27.0497295
HK.02269,2019-04-18 11:38:00,27.0497295,27.0830625,27.0830625,27.0497295,0.0,0.0,31500,2556775.0,0.12322858903265167,27.0497295
HK.02269,2019-04-18 11:39:00,27.0830625,27.099729,27.099729,27.0830625,0.0,0.0,13000,1056400.0,0.06153846153845959,27.0830625
HK.02269,2019-04-18 11:40:00,27.1163955,27.1163955,27.1163955,27.1163955,0.0,0.0,1000,81350.0,0.061500615006148125,27.099729
HK.02269,2019-04-18 11:41:00,27.1163955,27.1163955,27.1163955,27.1163955,0.0,0.0,28000,2277800.0,0.0,27.1163955
HK.02269,2019-04-18 11:42:00,27.133062,27.133062,27.133062,27.133062,0.0,0.0,1000,81400.0,0.061462814996924915,27.1163955
HK.02269,2019-04-18 11:43:00,27.133062,27.133062,27.133062,27.133062,0.0,0.0,5500,447700.0,0.0,27.133062
HK.02269,2019-04-18 11:44:00,27.133062,27.133062,27.133062,27.133062,0.0,0.0,3000,244200.0,0.0,27.133062
HK.02269,2019-04-18 11:45:00,27.133062,27.1163955,27.133062,27.1163955,0.0,0.0,2000,162725.0,-0.061425061425059484,27.133062
HK.02269,2019-04-18 11:46:00,27.133062,27.133062,27.133062,27.133062,0.0,0.0,500,40700.0,0.061462814996924915,27.1163955
HK.02269,2019-04-18 11:47:00,27.133062,27.133062,27.133062,27.133062,0.0,0.0,2000,162800.0,0.0,27.133062
HK.02269,2019-04-18 11:48:00,27.133062,27.133062,27.133062,27.133062,0.0,0.0,500,40700.0,0.0,27.133062
HK.02269,2019-04-18 11:49:00,27.1163955,27.166395,27.166395,27.1163955,0.0,0.0,45500,3705525.0,0.12285012285013207,27.133062
HK.02269,2019-04-18 11:50:00,27.166395,27.166395,27.166395,27.166395,0.0,0.0,2000,163000.0,0.0,27.166395
HK.02269,2019-04-18 11:51:00,27.166395,27.166395,27.166395,27.166395,0.0,0.0,500,40750.0,0.0,27.166395
HK.02269,2019-04-18 11:52:00,27.166395,27.166395,27.166395,27.166395,0.0,0.0,0,0.0,0.0,27.166395
HK.02269,2019-04-18 11:53:00,27.166395,27.166395,27.166395,27.166395,0.0,0.0,1500,122250.0,0.0,27.166395
HK.02269,2019-04-18 11:54:00,27.166395,27.166395,27.166395,27.166395,0.0,0.0,0,0.0,0.0,27.166395
HK.02269,2019-04-18 11:55:00,27.166395,27.1163955,27.166395,27.1163955,0.0,0.0,22500,1831950.0,-0.18404907975460846,27.166395
HK.02269,2019-04-18 11:56:00,27.133062,27.133062,27.133062,27.133062,0.0,0.0,1500,122100.0,0.061462814996924915,27.1163955
HK.02269,2019-04-18 11:57:00,27.133062,27.1163955,27.133062,27.1163955,0.0,0.0,7500,610175.0,-0.061425061425059484,27.133062
HK.02269,2019-04-18 11:58:00,27.1163955,27.1163955,27.1163955,27.1163955,0.0,0.0,0,0.0,0.0,27.1163955
HK.02269,2019-04-18 11:59:00,27.133062,27.1163955,27.133062,27.1163955,0.0,0.0,7000,569500.0,0.0,27.1163955
HK.02269,2019-04-18 12:00:00,27.099729,27.099729,27.099729,27.099729,0.0,0.0,500,40650.0,-0.061462814996924915,27.1163955
HK.02269,2019-04-18 13:01:00,27.1163955,27.099729,27.133062,27.099729,0.0,0.0,18500,1504925.0,0.0,27.099729
HK.02269,2019-04-18 13:02:00,27.1163955,27.1163955,27.1163955,27.1163955,0.0,0.0,0,0.0,0.061500615006148125,27.099729
HK.02269,2019-04-18 13:03:00,27.133062,27.133062,27.133062,27.133062,0.0,0.0,1000,81400.0,0.061462814996924915,27.1163955
HK.02269,2019-04-18 13:04:00,27.1163955,27.133062,27.133062,27.1163955,0.0,0.0,1000,81375.0,0.0,27.133062
HK.02269,2019-04-18 13:05:00,27.1163955,27.0497295,27.1163955,27.0497295,0.0,0.0,39000,3170500.0,-0.30712530712529745,27.133062
HK.02269,2019-04-18 13:06:00,27.0497295,27.0497295,27.0497295,27.0497295,0.0,0.0,500,40575.0,0.0,27.0497295
HK.02269,2019-04-18 13:07:00,27.0497295,27.0497295,27.0497295,27.0497295,0.0,0.0,0,0.0,0.0,27.0497295
HK.02269,2019-04-18 13:08:00,27.0830625,27.0830625,27.099729,27.0830625,0.0,0.0,3500,284475.0,0.12322858903265167,27.0497295
HK.02269,2019-04-18 13:09:00,27.0830625,27.066396,27.0830625,27.066396,0.0,0.0,11000,893250.0,-0.06153846153845959,27.0830625
HK.02269,2019-04-18 13:10:00,27.0497295,27.0497295,27.0497295,27.0497295,0.0,0.0,19000,1541850.0,-0.06157635467980101,27.066396
HK.02269,2019-04-18 13:11:00,27.0497295,27.0497295,27.0497295,27.033063,0.0,0.0,8500,689675.0,0.0,27.0497295
HK.02269,2019-04-18 13:12:00,27.0497295,27.0497295,27.0497295,27.0497295,0.0,0.0,1500,121725.0,0.0,27.0497295
HK.02269,2019-04-18 13:13:00,27.033063,26.99973,27.033063,26.99973,0.0,0.0,16500,1337350.0,-0.18484288354899064,27.0497295
HK.02269,2019-04-18 13:14:00,26.966397,26.966397,26.966397,26.966397,0.0,0.0,500,40450.0,-0.12345679012345288,26.99973
HK.02269,2019-04-18 13:15:00,26.966397,26.966397,26.966397,26.966397,0.0,0.0,0,0.0,0.0,26.966397
HK.02269,2019-04-18 13:16:00,27.033063,26.9830635,27.033063,26.9830635,0.0,0.0,1000,81025.0,0.061804697156981975,26.966397
HK.02269,2019-04-18 13:17:00,26.9830635,27.033063,27.033063,26.9830635,0.0,0.0,3000,242925.0,0.18529956763433633,26.9830635
HK.02269,2019-04-18 13:18:00,27.033063,27.0163965,27.033063,27.0163965,0.0,0.0,1500,121600.0,-0.061652281134400036,27.033063
HK.02269,2019-04-18 13:19:00,27.0163965,27.033063,27.033063,26.9830635,0.0,0.0,10000,810175.0,0.061690314620602614,27.0163965
HK.02269,2019-04-18 13:20:00,27.033063,27.033063,27.033063,27.033063,0.0,0.0,0,0.0,0.0,27.033063
HK.02269,2019-04-18 13:21:00,27.033063,27.033063,27.033063,27.033063,0.0,0.0,500,40550.0,0.0,27.033063
HK.02269,2019-04-18 13:22:00,27.033063,27.033063,27.033063,27.0163965,0.0,0.0,31500,2554475.0,0.0,27.033063
HK.02269,2019-04-18 13:23:00,27.033063,27.033063,27.033063,27.033063,0.0,0.0,6500,527150.0,0.0,27.033063
HK.02269,2019-04-18 13:24:00,27.033063,27.1497285,27.1497285,27.033063,0.0,0.0,27500,2232075.0,0.43156596794081337,27.033063
HK.02269,2019-04-18 13:25:00,27.1497285,27.1163955,27.1497285,27.1163955,0.0,0.0,3500,284900.0,-0.12277470841006366,27.1497285
HK.02269,2019-04-18 13:26:00,27.1163955,27.1163955,27.1163955,27.1163955,0.0,0.0,0,0.0,0.0,27.1163955
HK.02269,2019-04-18 13:27:00,27.1163955,27.1163955,27.1163955,27.1163955,0.0,0.0,0,0.0,0.0,27.1163955
HK.02269,2019-04-18 13:28:00,27.1163955,27.1163955,27.1163955,27.1163955,0.0,0.0,500,40675.0,0.0,27.1163955
HK.02269,2019-04-18 13:29:00,27.0830625,27.066396,27.099729,27.066396,0.0,0.0,9000,731250.0,-0.18438844499077475,27.1163955
HK.02269,2019-04-18 13:30:00,27.099729,27.099729,27.099729,27.099729,0.0,0.0,500,40650.0,0.12315270935960201,27.066396
HK.02269,2019-04-18 13:31:00,27.066396,27.099729,27.099729,27.066396,0.0,0.0,2500,203200.0,0.0,27.099729
HK.02269,2019-04-18 13:32:00,27.0830625,27.033063,27.099729,27.033063,0.0,0.0,18500,1502475.0,-0.24600246002460557,27.099729
HK.02269,2019-04-18 13:33:00,27.033063,27.033063,27.033063,27.0163965,0.0,0.0,1500,121625.0,0.0,27.033063
HK.02269,2019-04-18 13:34:00,27.066396,27.066396,27.066396,27.066396,0.0,0.0,500,40600.0,0.1233045622688132,27.033063
HK.02269,2019-04-18 13:35:00,27.066396,27.066396,27.066396,27.066396,0.0,0.0,500,40600.0,0.0,27.066396
HK.02269,2019-04-18 13:36:00,27.033063,27.066396,27.066396,27.033063,0.0,0.0,1500,121700.0,0.0,27.066396
HK.02269,2019-04-18 13:37:00,27.066396,27.066396,27.066396,27.066396,0.0,0.0,500,40600.0,0.0,27.066396
HK.02269,2019-04-18 13:38:00,27.033063,27.0497295,27.0497295,27.033063,0.0,0.0,1500,121700.0,-0.06157635467980101,27.066396
HK.02269,2019-04-18 13:39:00,27.0497295,27.0497295,27.0497295,27.0497295,0.0,0.0,3000,243450.0,0.0,27.0497295
HK.02269,2019-04-18 13:40:00,27.0497295,27.0497295,27.066396,27.0497295,0.0,0.0,1500,121750.0,0.0,27.0497295
HK.02269,2019-04-18 13:41:00,27.0497295,27.066396,27.066396,27.0497295,0.0,0.0,5500,446575.0,0.061614294516325836,27.0497295
HK.02269,2019-04-18 13:42:00,27.066396,27.0497295,27.066396,27.0497295,0.0,0.0,8000,649575.0,-0.06157635467980101,27.066396
HK.02269,2019-04-18 13:43:00,27.066396,27.066396,27.066396,27.066396,0.0,0.0,6500,527800.0,0.061614294516325836,27.0497295
HK.02269,2019-04-18 13:44:00,27.0830625,27.0830625,27.0830625,27.0830625,0.0,0.0,1000,81250.0,0.06157635467980101,27.066396
HK.02269,2019-04-18 13:45:00,27.0830625,27.066396,27.0830625,27.066396,0.0,0.0,1500,121850.0,-0.06153846153845959,27.0830625
HK.02269,2019-04-18 13:46:00,27.0830625,27.066396,27.0830625,27.066396,0.0,0.0,1500,121850.0,0.0,27.066396
HK.02269,2019-04-18 13:47:00,27.0830625,27.0830625,27.0830625,27.0830625,0.0,0.0,500,40625.0,0.06157635467980101,27.066396
HK.02269,2019-04-18 13:48:00,27.0830625,27.099729,27.099729,27.0830625,0.0,0.0,14500,1178150.0,0.06153846153845959,27.0830625
HK.02269,2019-04-18 13:49:00,27.099729,27.066396,27.099729,27.066396,0.0,0.0,20000,1624800.0,-0.12300123001229625,27.099729
HK.02269,2019-04-18 13:50:00,27.066396,27.066396,27.066396,27.066396,0.0,0.0,0,0.0,0.0,27.066396
HK.02269,2019-04-18 13:51:00,27.0830625,27.0830625,27.0830625,27.0830625,0.0,0.0,0,0.0,0.06157635467980101,27.066396
HK.02269,2019-04-18 13:52:00,27.0830625,27.099729,27.099729,27.0830625,0.0,0.0,1500,121900.0,0.06153846153845959,27.0830625
HK.02269,2019-04-18 13:53:00,27.099729,27.0830625,27.099729,27.0830625,0.0,0.0,1000,81275.0,-0.061500615006148125,27.099729
HK.02269,2019-04-18 13:54:00,27.0830625,27.099729,27.099729,27.066396,0.0,0.0,8000,649925.0,0.06153846153845959,27.0830625
HK.02269,2019-04-18 13:55:00,27.066396,27.066396,27.066396,27.066396,0.0,0.0,500,40600.0,-0.12300123001229625,27.099729
HK.02269,2019-04-18 13:56:00,27.099729,27.099729,27.099729,27.066396,0.0,0.0,2500,203200.0,0.12315270935960201,27.066396
HK.02269,2019-04-18 13:57:00,27.099729,27.099729,27.099729,27.099729,0.0,0.0,23500,1910550.0,0.0,27.099729
HK.02269,2019-04-18 13:58:00,27.1163955,27.1163955,27.1163955,27.1163955,0.0,0.0,3500,284725.0,0.061500615006148125,27.099729
HK.02269,2019-04-18 13:59:00,27.1163955,27.1163955,27.1163955,27.1163955,0.0,0.0,0,0.0,0.0,27.1163955
HK.02269,2019-04-18 14:00:00,27.1163955,27.2163945,27.2163945,27.1163955,0.0,0.0,27500,2238625.0,0.3687768899815626,27.1163955
HK.02269,2019-04-18 14:01:00,27.233061,27.2163945,27.433059,27.2163945,0.0,0.0,74500,6101925.0,0.0,27.2163945
HK.02269,2019-04-18 14:02:00,27.199728,27.199728,27.199728,27.199728,0.0,0.0,1000,81600.0,-0.06123698714023077,27.2163945
HK.02269,2019-04-18 14:03:00,27.233061,27.2163945,27.233061,27.2163945,0.0,0.0,1000,81675.0,0.06127450980391963,27.199728
HK.02269,2019-04-18 14:04:00,27.2163945,27.2163945,27.2163945,27.2163945,0.0,0.0,0,0.0,0.0,27.2163945
HK.02269,2019-04-18 14:05:00,27.2163945,27.199728,27.2163945,27.199728,0.0,0.0,2000,163275.0,-0.06123698714023077,27.2163945
HK.02269,2019-04-18 14:06:00,27.199728,27.199728,27.199728,27.1830615,0.0,0.0,8000,652550.0,0.0,27.199728
HK.02269,2019-04-18 14:07:00,27.199728,27.166395,27.199728,27.166395,0.0,0.0,1500,122300.0,-0.12254901960783926,27.199728
HK.02269,2019-04-18 14:08:00,27.1497285,27.1497285,27.1497285,27.1497285,0.0,0.0,6000,488700.0,-0.06134969325154488,27.166395
HK.02269,2019-04-18 14:09:00,27.1497285,27.1830615,27.1830615,27.1163955,0.0,0.0,3500,284900.0,0.12277470841007673,27.1497285
HK.02269,2019-04-18 14:10:00,27.1830615,27.1163955,27.1830615,27.099729,0.0,0.0,2500,203650.0,-0.24524831391784713,27.1830615
HK.02269,2019-04-18 14:11:00,27.133062,27.1163955,27.1830615,27.1163955,0.0,0.0,5000,407250.0,0.0,27.1163955
HK.02269,2019-04-18 14:12:00,27.1163955,27.1163955,27.1163955,27.1163955,0.0,0.0,0,0.0,0.0,27.1163955
HK.02269,2019-04-18 14:13:00,27.1163955,27.1830615,27.1830615,27.1163955,0.0,0.0,1000,81450.0,0.2458512599877128,27.1163955
HK.02269,2019-04-18 14:14:00,27.1497285,27.099729,27.1497285,27.099729,0.0,0.0,10500,854275.0,-0.30656039239730565,27.1830615
HK.02269,2019-04-18 14:15:00,27.0830625,27.0830625,27.0830625,27.0830625,0.0,0.0,500,40625.0,-0.061500615006148125,27.099729
HK.02269,2019-04-18 14:16:00,27.0830625,27.0830625,27.099729,27.0830625,0.0,0.0,3500,284400.0,0.0,27.0830625
HK.02269,2019-04-18 14:17:00,27.0830625,27.099729,27.099729,27.0830625,0.0,0.0,1000,81275.0,0.06153846153845959,27.0830625
HK.02269,2019-04-18 14:18:00,27.0830625,27.099729,27.099729,27.0830625,0.0,0.0,2500,203200.0,0.0,27.099729
HK.02269,2019-04-18 14:19:00,27.099729,27.099729,27.099729,27.099729,0.0,0.0,0,0.0,0.0,27.099729
HK.02269,2019-04-18 14:20:00,27.099729,27.1163955,27.1163955,27.0830625,0.0,0.0,17000,1382150.0,0.061500615006148125,27.099729
HK.02269,2019-04-18 14:21:00,27.1163955,27.133062,27.133062,27.1163955,0.0,0.0,14500,1179650.0,0.061462814996924915,27.1163955
HK.02269,2019-04-18 14:22:00,27.133062,27.1497285,27.1497285,27.133062,0.0,0.0,4500,366325.0,0.061425061425059484,27.133062
HK.02269,2019-04-18 14:23:00,27.1497285,27.1497285,27.1497285,27.133062,0.0,0.0,11500,936175.0,0.0,27.1497285
HK.02269,2019-04-18 14:24:00,27.133062,27.133062,27.133062,27.133062,0.0,0.0,500,40700.0,-0.06138735420503183,27.1497285
HK.02269,2019-04-18 14:25:00,27.133062,27.133062,27.133062,27.133062,0.0,0.0,500,40700.0,0.0,27.133062
HK.02269,2019-04-18 14:26:00,27.133062,27.133062,27.133062,27.133062,0.0,0.0,500,40700.0,0.0,27.133062
HK.02269,2019-04-18 14:27:00,27.1497285,27.1497285,27.1497285,27.133062,0.0,0.0,2000,162850.0,0.061425061425059484,27.133062
HK.02269,2019-04-18 14:28:00,27.133062,27.133062,27.133062,27.133062,0.0,0.0,1000,81400.0,-0.06138735420503183,27.1497285
HK.02269,2019-04-18 14:29:00,27.1497285,27.1497285,27.1497285,27.1497285,0.0,0.0,500,40725.0,0.061425061425059484,27.133062
HK.02269,2019-04-18 14:30:00,27.1497285,27.1497285,27.1497285,27.133062,0.0,0.0,4500,366500.0,0.0,27.1497285
HK.02269,2019-04-18 14:31:00,27.1497285,27.1163955,27.1497285,27.1163955,0.0,0.0,29000,2359825.0,-0.12277470841006366,27.1497285
HK.02269,2019-04-18 14:32:00,27.099729,27.099729,27.099729,27.099729,0.0,0.0,8500,691050.0,-0.061462814996924915,27.1163955
HK.02269,2019-04-18 14:33:00,27.0830625,27.0830625,27.0830625,27.0830625,0.0,0.0,500,40625.0,-0.061500615006148125,27.099729
HK.02269,2019-04-18 14:34:00,27.099729,27.099729,27.099729,27.099729,0.0,0.0,500,40650.0,0.06153846153845959,27.0830625
HK.02269,2019-04-18 14:35:00,27.099729,27.099729,27.099729,27.099729,0.0,0.0,500,40650.0,0.0,27.099729
HK.02269,2019-04-18 14:36:00,27.099729,27.099729,27.099729,27.099729,0.0,0.0,500,40650.0,0.0,27.099729
HK.02269,2019-04-18 14:37:00,27.0830625,27.0830625,27.0830625,27.0830625,0.0,0.0,1000,81250.0,-0.061500615006148125,27.099729
HK.02269,2019-04-18 14:38:00,27.099729,27.133062,27.133062,27.0830625,0.0,0.0,33000,2683900.0,0.18461538461537877,27.0830625
HK.02269,2019-04-18 14:39:00,27.1163955,27.133062,27.133062,27.1163955,0.0,0.0,7000,569500.0,0.0,27.133062
HK.02269,2019-04-18 14:40:00,27.133062,27.133062,27.133062,27.133062,0.0,0.0,2500,203500.0,0.0,27.133062
HK.02269,2019-04-18 14:41:00,27.133062,27.133062,27.133062,27.133062,0.0,0.0,0,0.0,0.0,27.133062
HK.02269,2019-04-18 14:42:00,27.1163955,27.0830625,27.133062,27.0830625,0.0,0.0,19000,1545300.0,-0.18427518427517847,27.133062
HK.02269,2019-04-18 14:43:00,27.0830625,27.0830625,27.0830625,27.0830625,0.0,0.0,500,40625.0,0.0,27.0830625
HK.02269,2019-04-18 14:44:00,27.1163955,27.1163955,27.1163955,27.1163955,0.0,0.0,3500,284725.0,0.12307692307691918,27.0830625
HK.02269,2019-04-18 14:45:00,27.0830625,27.0497295,27.0830625,27.0497295,0.0,0.0,38500,3125225.0,-0.24585125998769966,27.1163955
HK.02269,2019-04-18 14:46:00,27.0497295,27.0497295,27.0497295,27.0497295,0.0,0.0,0,0.0,0.0,27.0497295
HK.02269,2019-04-18 14:47:00,27.0497295,27.033063,27.0497295,27.033063,0.0,0.0,2500,202850.0,-0.06161429451633897,27.0497295
HK.02269,2019-04-18 14:48:00,27.033063,27.033063,27.033063,27.033063,0.0,0.0,0,0.0,0.0,27.033063
HK.02269,2019-04-18 14:49:00,27.0497295,27.0497295,27.0497295,27.0497295,0.0,0.0,5000,405750.0,0.06165228113441317,27.033063
HK.02269,2019-04-18 14:50:00,27.0497295,27.0497295,27.0497295,27.033063,0.0,0.0,3500,284000.0,0.0,27.0497295
HK.02269,2019-04-18 14:51:00,27.0497295,27.0497295,27.0497295,27.0497295,0.0,0.0,500,40575.0,0.0,27.0497295
HK.02269,2019-04-18 14:52:00,27.0497295,27.0497295,27.0497295,27.033063,0.0,0.0,3000,243425.0,0.0,27.0497295
HK.02269,2019-04-18 14:53:00,27.0497295,27.033063,27.0497295,27.033063,0.0,0.0,4000,324550.0,-0.06161429451633897,27.0497295
HK.02269,2019-04-18 14:54:00,27.0497295,27.0497295,27.0497295,27.0497295,0.0,0.0,1000,81150.0,0.06165228113441317,27.033063
HK.02269,2019-04-18 14:55:00,27.0497295,27.0497295,27.0497295,27.0497295,0.0,0.0,1500,121725.0,0.0,27.0497295
HK.02269,2019-04-18 14:56:00,27.0497295,27.0497295,27.0497295,27.0497295,0.0,0.0,7000,568050.0,0.0,27.0497295
HK.02269,2019-04-18 14:57:00,27.0497295,27.0497295,27.0497295,27.033063,0.0,0.0,3000,243425.0,0.0,27.0497295
HK.02269,2019-04-18 14:58:00,27.0497295,27.0497295,27.0497295,27.0497295,0.0,0.0,1000,81150.0,0.0,27.0497295
HK.02269,2019-04-18 14:59:00,27.0497295,27.0497295,27.0497295,27.0497295,0.0,0.0,500,40575.0,0.0,27.0497295
HK.02269,2019-04-18 15:00:00,27.0497295,27.033063,27.0497295,27.033063,0.0,0.0,37500,3041475.0,-0.06161429451633897,27.0497295
HK.02269,2019-04-18 15:01:00,27.0163965,27.0163965,27.0163965,27.0163965,0.0,0.0,1500,121575.0,-0.061652281134400036,27.033063
HK.02269,2019-04-18 15:02:00,26.99973,26.99973,26.99973,26.966397,0.0,0.0,19000,1538250.0,-0.061690314620602614,27.0163965
HK.02269,2019-04-18 15:03:00,26.9830635,26.9830635,26.9830635,26.9830635,0.0,0.0,1000,80950.0,-0.06172839506172644,26.99973
HK.02269,2019-04-18 15:04:00,26.99973,26.99973,26.99973,26.966397,0.0,0.0,15500,1254850.0,0.06176652254477878,26.9830635
HK.02269,2019-04-18 15:05:00,26.966397,26.966397,26.966397,26.966397,0.0,0.0,1500,121350.0,-0.12345679012345288,26.99973
HK.02269,2019-04-18 15:06:00,26.9497305,26.866398,26.9497305,26.866398,0.0,0.0,38500,3108475.0,-0.370828182941905,26.966397
HK.02269,2019-04-18 15:07:00,26.866398,26.8830645,26.8830645,26.866398,0.0,0.0,22000,1774175.0,0.06203473945409233,26.866398
HK.02269,2019-04-18 15:08:00,26.899731,26.899731,26.899731,26.899731,0.0,0.0,1500,121050.0,0.06199628022318465,26.8830645
HK.02269,2019-04-18 15:09:00,26.8830645,26.899731,26.899731,26.8830645,0.0,0.0,1500,121000.0,0.0,26.899731
HK.02269,2019-04-18 15:10:00,26.8830645,26.866398,26.8830645,26.866398,0.0,0.0,18000,1451625.0,-0.12391573729863302,26.899731
HK.02269,2019-04-18 15:11:00,26.866398,26.8497315,26.866398,26.8497315,0.0,0.0,24500,1974200.0,-0.06203473945409233,26.866398
HK.02269,2019-04-18 15:12:00,26.8497315,26.8497315,26.8497315,26.833065,0.0,0.0,12500,1006500.0,0.0,26.8497315
HK.02269,2019-04-18 15:13:00,26.8497315,26.833065,26.8497315,26.799732,0.0,0.0,19000,1529325.0,-0.06207324643078637,26.8497315
HK.02269,2019-04-18 15:14:00,26.833065,26.7830655,26.833065,26.7830655,0.0,0.0,8500,683375.0,-0.18633540372671542,26.833065
HK.02269,2019-04-18 15:15:00,26.8163985,26.8163985,26.8163985,26.8163985,0.0,0.0,10500,844725.0,0.12445550715618774,26.7830655
HK.02269,2019-04-18 15:16:00,26.799732,26.8163985,26.8163985,26.799732,0.0,0.0,1000,80425.0,0.0,26.8163985
HK.02269,2019-04-18 15:17:00,26.8163985,26.799732,26.8163985,26.799732,0.0,0.0,11000,884925.0,-0.0621504039776239,26.8163985
HK.02269,2019-04-18 15:18:00,26.799732,26.8497315,26.8497315,26.799732,0.0,0.0,16000,1287950.0,0.18656716417911184,26.799732
HK.02269,2019-04-18 15:19:00,26.8497315,26.8497315,26.8497315,26.8497315,0.0,0.0,3000,241650.0,0.0,26.8497315
HK.02269,2019-04-18 15:20:00,26.833065,26.833065,26.833065,26.799732,0.0,0.0,44000,3540525.0,-0.06207324643078637,26.8497315
HK.02269,2019-04-18 15:21:00,26.799732,26.799732,26.799732,26.7830655,0.0,0.0,4500,361600.0,-0.12422360248448136,26.833065
HK.02269,2019-04-18 15:22:00,26.833065,26.8163985,26.833065,26.8163985,0.0,0.0,5500,442500.0,0.0621890547263662,26.799732
HK.02269,2019-04-18 15:23:00,26.799732,26.8163985,26.8163985,26.799732,0.0,0.0,7500,603050.0,0.0,26.8163985
HK.02269,2019-04-18 15:24:00,26.799732,26.8163985,26.8163985,26.799732,0.0,0.0,5000,402025.0,0.0,26.8163985
HK.02269,2019-04-18 15:25:00,26.8163985,26.799732,26.8163985,26.799732,0.0,0.0,13000,1045275.0,-0.0621504039776239,26.8163985
HK.02269,2019-04-18 15:26:00,26.799732,26.7830655,26.799732,26.7830655,0.0,0.0,7000,562650.0,-0.0621890547263662,26.799732
HK.02269,2019-04-18 15:27:00,26.7830655,26.7497325,26.8163985,26.7497325,0.0,0.0,13000,1043850.0,-0.12445550715618774,26.7830655
HK.02269,2019-04-18 15:28:00,26.7497325,26.733066,26.7497325,26.733066,0.0,0.0,9000,722000.0,-0.06230529595015379,26.7497325
HK.02269,2019-04-18 15:29:00,26.733066,26.7163995,26.733066,26.699733,0.0,0.0,34000,2725050.0,-0.06234413965087084,26.733066
HK.02269,2019-04-18 15:30:00,26.699733,26.6830665,26.699733,26.6830665,0.0,0.0,12500,1001125.0,-0.12476606363070179,26.7163995
HK.02269,2019-04-18 15:31:00,26.6664,26.6830665,26.6830665,26.6664,0.0,0.0,15500,1240325.0,0.0,26.6830665
HK.02269,2019-04-18 15:32:00,26.6830665,26.6830665,26.6830665,26.6664,0.0,0.0,37500,3000150.0,0.0,26.6830665
HK.02269,2019-04-18 15:33:00,26.6830665,26.6664,26.6830665,26.6664,0.0,0.0,82500,6600100.0,-0.06246096189881128,26.6830665
HK.02269,2019-04-18 15:34:00,26.6664,26.6664,26.6830665,26.6664,0.0,0.0,24000,1920075.0,0.0,26.6664
HK.02269,2019-04-18 15:35:00,26.6664,26.6664,26.6664,26.6664,0.0,0.0,18000,1440000.0,0.0,26.6664
HK.02269,2019-04-18 15:36:00,26.6830665,26.6664,26.6830665,26.6497335,0.0,0.0,9500,759925.0,0.0,26.6664
HK.02269,2019-04-18 15:37:00,26.6497335,26.6830665,26.6830665,26.6497335,0.0,0.0,204000,16320150.0,0.06249999999999803,26.6664
HK.02269,2019-04-18 15:38:00,26.6830665,26.6664,26.6830665,26.6664,0.0,0.0,41500,3321175.0,-0.06246096189881128,26.6830665
HK.02269,2019-04-18 15:39:00,26.6497335,26.6497335,26.6664,26.6497335,0.0,0.0,18000,1439200.0,-0.06249999999999803,26.6664
HK.02269,2019-04-18 15:40:00,26.6497335,26.6497335,26.6664,26.6497335,0.0,0.0,21000,1679075.0,0.0,26.6497335
HK.02269,2019-04-18 15:41:00,26.6497335,26.6497335,26.6497335,26.6497335,0.0,0.0,23000,1838850.0,0.0,26.6497335
HK.02269,2019-04-18 15:42:00,26.6664,26.6664,26.6664,26.6497335,0.0,0.0,21500,1719125.0,0.06253908692932886,26.6497335
HK.02269,2019-04-18 15:43:00,26.6497335,26.6497335,26.6497335,26.633067,0.0,0.0,78500,6275100.0,-0.06249999999999803,26.6664
HK.02269,2019-04-18 15:44:00,26.6497335,26.633067,26.6497335,26.633067,0.0,0.0,23500,1877825.0,-0.06253908692932886,26.6497335
HK.02269,2019-04-18 15:45:00,26.633067,26.633067,26.6497335,26.633067,0.0,0.0,37000,2956325.0,0.0,26.633067
HK.02269,2019-04-18 15:46:00,26.633067,26.633067,26.6497335,26.633067,0.0,0.0,26000,2077450.0,0.0,26.633067
HK.02269,2019-04-18 15:47:00,26.633067,26.6164005,26.6497335,26.6164005,0.0,0.0,9500,759075.0,-0.06257822277847111,26.633067
HK.02269,2019-04-18 15:48:00,26.6164005,26.5830675,26.6164005,26.5830675,0.0,0.0,26000,2074750.0,-0.12523481527865685,26.6164005
HK.02269,2019-04-18 15:49:00,26.5830675,26.5830675,26.599734,26.5830675,0.0,0.0,25500,2034600.0,0.0,26.5830675
HK.02269,2019-04-18 15:50:00,26.5830675,26.533068,26.5830675,26.533068,0.0,0.0,10500,836450.0,-0.18808777429466492,26.5830675
HK.02269,2019-04-18 15:51:00,26.5497345,26.566401,26.566401,26.533068,0.0,0.0,27500,2190525.0,0.12562814070351364,26.533068
HK.02269,2019-04-18 15:52:00,26.566401,26.566401,26.5830675,26.566401,0.0,0.0,16500,1315600.0,0.0,26.566401
HK.02269,2019-04-18 15:53:00,26.566401,26.6164005,26.6164005,26.566401,0.0,0.0,21500,1714725.0,0.18820577164367117,26.566401
HK.02269,2019-04-18 15:54:00,26.633067,26.6164005,26.633067,26.6164005,0.0,0.0,8000,638825.0,0.0,26.6164005
HK.02269,2019-04-18 15:55:00,26.633067,26.599734,26.633067,26.599734,0.0,0.0,15500,1237575.0,-0.06261740763932176,26.6164005
HK.02269,2019-04-18 15:56:00,26.599734,26.566401,26.6164005,26.566401,0.0,0.0,22000,1754675.0,-0.12531328320802942,26.599734
HK.02269,2019-04-18 15:57:00,26.566401,26.499735,26.566401,26.499735,0.0,0.0,39000,3106850.0,-0.2509410288582104,26.566401
HK.02269,2019-04-18 15:58:00,26.499735,26.533068,26.566401,26.499735,0.0,0.0,42500,3382150.0,0.1257861635220086,26.499735
HK.02269,2019-04-18 15:59:00,26.533068,26.566401,26.633067,26.533068,0.0,0.0,13000,1035975.0,0.12562814070351364,26.533068
HK.02269,2019-04-18 16:00:00,26.599734,26.7497325,26.7497325,26.566401,0.0,0.0,340500,27321050.0,0.6900878293601054,26.566401
