code,time_key,open,close,high,low,pe_ratio,turnover_rate,volume,turnover,change_rate,last_close
HK.03690,2019-08-13 09:30:00,63.6,63.6,63.6,63.6,0.0,0.0,7100,451560.0,0.0,63.65
HK.03690,2019-08-13 09:31:00,63.5,63.8,63.95,63.5,0.0,0.0,103400,6585250.0,0.3144654088050247,63.6
HK.03690,2019-08-13 09:32:00,63.85,63.8,63.85,63.6,0.0,0.0,40200,2563270.0,0.0,63.8
HK.03690,2019-08-13 09:33:00,63.85,63.8,64.0,63.7,0.0,0.0,72500,4633380.0,0.0,63.8
HK.03690,2019-08-13 09:34:00,63.8,63.75,63.95,63.65,0.0,0.0,46700,2980155.0,-0.0783699059561084,63.8
HK.03690,2019-08-13 09:35:00,63.75,63.75,63.8,63.75,0.0,0.0,13800,880315.0,0.0,63.75
HK.03690,2019-08-13 09:36:00,63.8,63.1,63.8,63.1,0.0,0.0,64000,4067880.0,-1.0196078431372526,63.75
HK.03690,2019-08-13 09:37:00,63.25,63.3,63.3,63.25,0.0,0.0,24400,1544220.0,0.31695721077653843,63.1
HK.03690,2019-08-13 09:38:00,63.3,63.1,63.3,62.9,0.0,0.0,47500,2997155.0,-0.3159557661927263,63.3
HK.03690,2019-08-13 09:39:00,63.15,63.15,63.25,63.1,0.0,0.0,62900,3975115.0,0.07923930269413179,63.1
HK.03690,2019-08-13 09:40:00,63.15,63.2,63.25,63.15,0.0,0.0,30700,1940105.0,0.07917656373714056,63.15
HK.03690,2019-08-13 09:41:00,63.2,63.15,63.25,63.15,0.0,0.0,34200,2161795.0,-0.07911392405063965,63.2
HK.03690,2019-08-13 09:42:00,63.2,63.1,63.3,63.1,0.0,0.0,35700,2256350.0,-0.07917656373712931,63.15
HK.03690,2019-08-13 09:43:00,63.05,63.15,63.15,63.05,0.0,0.0,20100,1267825.0,0.07923930269413179,63.1
HK.03690,2019-08-13 09:44:00,63.1,63.15,63.15,63.1,0.0,0.0,500,31555.0,0.0,63.15
HK.03690,2019-08-13 09:45:00,63.15,63.15,63.2,63.1,0.0,0.0,34500,2178305.0,0.0,63.15
HK.03690,2019-08-13 09:46:00,63.15,63.0,63.15,62.95,0.0,0.0,82000,5170110.0,-0.2375296912113992,63.15
HK.03690,2019-08-13 09:47:00,63.05,63.0,63.05,62.85,0.0,0.0,83400,5252965.0,0.0,63.0
HK.03690,2019-08-13 09:48:00,62.9,63.0,63.05,62.9,0.0,0.0,3600,226800.0,0.0,63.0
HK.03690,2019-08-13 09:49:00,63.0,62.95,63.0,62.95,0.0,0.0,3200,201550.0,-0.07936507936507485,63.0
HK.03690,2019-08-13 09:50:00,62.95,63.0,63.0,62.95,0.0,0.0,4400,277155.0,0.07942811755360947,62.95
HK.03690,2019-08-13 09:51:00,63.0,63.1,63.1,62.95,0.0,0.0,124300,7834415.0,0.158730158730161,63.0
HK.03690,2019-08-13 09:52:00,63.0,63.05,63.1,63.0,0.0,0.0,26400,1664355.0,-0.07923930269414305,63.1
HK.03690,2019-08-13 09:53:00,63.1,63.0,63.1,62.95,0.0,0.0,51600,3251195.0,-0.07930214115780676,63.05
HK.03690,2019-08-13 09:54:00,63.05,63.05,63.05,63.0,0.0,0.0,29900,1884135.0,0.07936507936507485,63.0
HK.03690,2019-08-13 09:55:00,63.05,63.05,63.05,63.0,0.0,0.0,9900,623970.0,0.0,63.05
HK.03690,2019-08-13 09:56:00,63.05,63.15,63.15,63.05,0.0,0.0,138900,8758280.0,0.1586042823156248,63.05
HK.03690,2019-08-13 09:57:00,63.15,63.1,63.15,63.1,0.0,0.0,28000,1767645.0,-0.07917656373712931,63.15
HK.03690,2019-08-13 09:58:00,63.15,63.15,63.15,63.1,0.0,0.0,2700,170465.0,0.07923930269413179,63.1
HK.03690,2019-08-13 09:59:00,63.15,63.1,63.2,63.1,0.0,0.0,15900,1003995.0,-0.07917656373712931,63.15
HK.03690,2019-08-13 10:00:00,63.2,63.15,63.2,63.1,0.0,0.0,18100,1143255.0,0.07923930269413179,63.1
HK.03690,2019-08-13 10:01:00,63.15,63.2,63.2,63.15,0.0,0.0,17500,1105680.0,0.07917656373714056,63.15
HK.03690,2019-08-13 10:02:00,63.15,63.15,63.2,63.1,0.0,0.0,30200,1907005.0,-0.07911392405063965,63.2
HK.03690,2019-08-13 10:03:00,63.1,63.1,63.15,63.1,0.0,0.0,30200,1905630.0,-0.07917656373712931,63.15
HK.03690,2019-08-13 10:04:00,63.1,63.05,63.1,63.0,0.0,0.0,21400,1348735.0,-0.07923930269414305,63.1
HK.03690,2019-08-13 10:05:00,63.05,63.05,63.05,63.0,0.0,0.0,29100,1833480.0,0.0,63.05
HK.03690,2019-08-13 10:06:00,63.05,62.95,63.05,62.9,0.0,0.0,46800,2947570.0,-0.15860428231561352,63.05
HK.03690,2019-08-13 10:07:00,62.9,62.95,62.95,62.9,0.0,0.0,50900,3204125.0,0.0,62.95
HK.03690,2019-08-13 10:08:00,62.95,62.95,62.95,62.95,0.0,0.0,9900,623205.0,0.0,62.95
HK.03690,2019-08-13 10:09:00,62.9,62.95,62.95,62.9,0.0,0.0,5000,314580.0,0.0,62.95
HK.03690,2019-08-13 10:10:00,62.95,62.9,62.95,62.9,0.0,0.0,11700,736215.0,-0.07942811755362075,62.95
HK.03690,2019-08-13 10:11:00,62.9,62.85,62.95,62.85,0.0,0.0,14200,893110.0,-0.07949125596183967,62.9
HK.03690,2019-08-13 10:12:00,62.9,62.95,62.95,62.85,0.0,0.0,15800,993815.0,0.15910898965791792,62.85
HK.03690,2019-08-13 10:13:00,62.95,62.85,62.95,62.85,0.0,0.0,106000,6669860.0,-0.1588562351072302,62.95
HK.03690,2019-08-13 10:14:00,62.85,62.9,62.9,62.8,0.0,0.0,7600,477400.0,0.07955449482895331,62.85
HK.03690,2019-08-13 10:15:00,62.9,62.85,62.9,62.8,0.0,0.0,12600,792010.0,-0.07949125596183967,62.9
HK.03690,2019-08-13 10:16:00,62.9,62.9,62.9,62.9,0.0,0.0,9800,616420.0,0.07955449482895331,62.85
HK.03690,2019-08-13 10:17:00,62.9,62.9,62.9,62.9,0.0,0.0,3500,220150.0,0.0,62.9
HK.03690,2019-08-13 10:18:00,62.9,62.95,62.95,62.9,0.0,0.0,41500,2611045.0,0.07949125596185098,62.9
HK.03690,2019-08-13 10:19:00,62.95,62.95,62.95,62.95,0.0,0.0,4600,289570.0,0.0,62.95
HK.03690,2019-08-13 10:20:00,62.95,62.95,62.95,62.95,0.0,0.0,69600,4381320.0,0.0,62.95
HK.03690,2019-08-13 10:21:00,62.95,62.95,63.0,62.95,0.0,0.0,56700,3569765.0,0.0,62.95
HK.03690,2019-08-13 10:22:00,62.95,62.95,62.95,62.9,0.0,0.0,48000,3021385.0,0.0,62.95
HK.03690,2019-08-13 10:23:00,62.95,63.0,63.05,62.95,0.0,0.0,33200,2090975.0,0.07942811755360947,62.95
HK.03690,2019-08-13 10:24:00,63.0,63.05,63.05,63.0,0.0,0.0,14100,888390.0,0.07936507936507485,63.0
HK.03690,2019-08-13 10:25:00,63.05,63.05,63.05,63.05,0.0,0.0,4100,258505.0,0.0,63.05
HK.03690,2019-08-13 10:26:00,63.05,63.1,63.1,63.05,0.0,0.0,11900,750445.0,0.07930214115781803,63.05
HK.03690,2019-08-13 10:27:00,63.1,63.1,63.1,63.1,0.0,0.0,5300,334430.0,0.0,63.1
HK.03690,2019-08-13 10:28:00,63.1,63.1,63.1,63.1,0.0,0.0,6900,435390.0,0.0,63.1
HK.03690,2019-08-13 10:29:00,63.1,63.15,63.15,63.1,0.0,0.0,14400,908760.0,0.07923930269413179,63.1
HK.03690,2019-08-13 10:30:00,63.1,63.0,63.1,62.95,0.0,0.0,28800,1814955.0,-0.2375296912113992,63.15
HK.03690,2019-08-13 10:31:00,63.0,63.0,63.0,62.95,0.0,0.0,5600,352795.0,0.0,63.0
HK.03690,2019-08-13 10:32:00,62.95,62.9,63.0,62.9,0.0,0.0,18400,1158365.0,-0.158730158730161,63.0
HK.03690,2019-08-13 10:33:00,62.9,63.0,63.0,62.9,0.0,0.0,16600,1044960.0,0.15898251192369067,62.9
HK.03690,2019-08-13 10:34:00,63.0,63.0,63.0,63.0,0.0,0.0,3600,226800.0,0.0,63.0
HK.03690,2019-08-13 10:35:00,63.0,63.05,63.05,63.0,0.0,0.0,14200,894665.0,0.07936507936507485,63.0
HK.03690,2019-08-13 10:36:00,63.05,63.05,63.05,63.05,0.0,0.0,4400,277420.0,0.0,63.05
HK.03690,2019-08-13 10:37:00,63.05,63.1,63.1,63.05,0.0,0.0,14100,889085.0,0.07930214115781803,63.05
HK.03690,2019-08-13 10:38:00,63.1,63.1,63.1,63.05,0.0,0.0,5200,328100.0,0.0,63.1
HK.03690,2019-08-13 10:39:00,63.05,63.0,63.1,63.0,0.0,0.0,30300,1910085.0,-0.15847860538827482,63.1
HK.03690,2019-08-13 10:40:00,63.0,63.0,63.0,62.95,0.0,0.0,4800,302380.0,0.0,63.0
HK.03690,2019-08-13 10:41:00,63.0,63.05,63.05,63.0,0.0,0.0,22400,1411295.0,0.07936507936507485,63.0
HK.03690,2019-08-13 10:42:00,63.05,63.05,63.05,63.05,0.0,0.0,3900,245895.0,0.0,63.05
HK.03690,2019-08-13 10:43:00,63.0,63.05,63.05,63.0,0.0,0.0,2300,144995.0,0.0,63.05
HK.03690,2019-08-13 10:44:00,63.0,63.05,63.05,63.0,0.0,0.0,5500,346750.0,0.0,63.05
HK.03690,2019-08-13 10:45:00,63.0,63.0,63.05,63.0,0.0,0.0,9300,586020.0,-0.07930214115780676,63.05
HK.03690,2019-08-13 10:46:00,63.05,63.0,63.05,63.0,0.0,0.0,7000,441235.0,0.0,63.0
HK.03690,2019-08-13 10:47:00,63.0,63.05,63.05,63.0,0.0,0.0,4600,289970.0,0.07936507936507485,63.0
HK.03690,2019-08-13 10:48:00,63.05,63.05,63.05,63.05,0.0,0.0,3500,220675.0,0.0,63.05
HK.03690,2019-08-13 10:49:00,63.05,63.05,63.05,63.05,0.0,0.0,22200,1399710.0,0.0,63.05
HK.03690,2019-08-13 10:50:00,63.05,63.05,63.05,63.05,0.0,0.0,3800,239590.0,0.0,63.05
HK.03690,2019-08-13 10:51:00,63.05,63.05,63.05,63.0,0.0,0.0,3800,239570.0,0.0,63.05
HK.03690,2019-08-13 10:52:00,63.05,63.05,63.05,63.0,0.0,0.0,4900,308925.0,0.0,63.05
HK.03690,2019-08-13 10:53:00,63.05,63.0,63.05,63.0,0.0,0.0,16500,1039620.0,-0.07930214115780676,63.05
HK.03690,2019-08-13 10:54:00,63.0,63.0,63.0,62.95,0.0,0.0,3700,233085.0,0.0,63.0
HK.03690,2019-08-13 10:55:00,63.0,63.0,63.0,62.95,0.0,0.0,4200,264580.0,0.0,63.0
HK.03690,2019-08-13 10:56:00,63.0,63.0,63.0,62.95,0.0,0.0,4300,270870.0,0.0,63.0
HK.03690,2019-08-13 10:57:00,63.0,63.0,63.0,63.0,0.0,0.0,3900,245700.0,0.0,63.0
HK.03690,2019-08-13 10:58:00,63.0,63.0,63.0,62.95,0.0,0.0,5500,346450.0,0.0,63.0
HK.03690,2019-08-13 10:59:00,63.0,62.95,63.0,62.95,0.0,0.0,3500,220450.0,-0.07936507936507485,63.0
HK.03690,2019-08-13 11:00:00,63.0,63.0,63.0,62.95,0.0,0.0,3900,245665.0,0.07942811755360947,62.95
HK.03690,2019-08-13 11:01:00,62.95,63.05,63.05,62.95,0.0,0.0,10000,629985.0,0.07936507936507485,63.0
HK.03690,2019-08-13 11:02:00,63.05,63.05,63.05,63.05,0.0,0.0,3400,214370.0,0.0,63.05
HK.03690,2019-08-13 11:03:00,63.05,63.0,63.05,63.0,0.0,0.0,2200,138690.0,-0.07930214115780676,63.05
HK.03690,2019-08-13 11:04:00,63.05,63.0,63.05,63.0,0.0,0.0,2500,157620.0,0.0,63.0
HK.03690,2019-08-13 11:05:00,63.05,63.0,63.05,63.0,0.0,0.0,4700,296275.0,0.0,63.0
HK.03690,2019-08-13 11:06:00,63.05,63.05,63.05,63.05,0.0,0.0,14900,939445.0,0.07936507936507485,63.0
HK.03690,2019-08-13 11:07:00,63.05,63.05,63.05,63.05,0.0,0.0,1600,100880.0,0.0,63.05
HK.03690,2019-08-13 11:08:00,63.05,63.05,63.05,63.05,0.0,0.0,9200,580060.0,0.0,63.05
HK.03690,2019-08-13 11:09:00,63.0,63.05,63.05,63.0,0.0,0.0,3500,220600.0,0.0,63.05
HK.03690,2019-08-13 11:10:00,63.05,63.05,63.05,63.0,0.0,0.0,3900,245890.0,0.0,63.05
HK.03690,2019-08-13 11:11:00,63.05,63.0,63.05,63.0,0.0,0.0,4700,296305.0,-0.07930214115780676,63.05
HK.03690,2019-08-13 11:12:00,63.05,63.05,63.05,63.05,0.0,0.0,1800,113490.0,0.07936507936507485,63.0
HK.03690,2019-08-13 11:13:00,63.05,63.05,63.05,63.05,0.0,0.0,2400,151320.0,0.0,63.05
HK.03690,2019-08-13 11:14:00,63.0,63.05,63.05,63.0,0.0,0.0,6600,416025.0,0.0,63.05
HK.03690,2019-08-13 11:15:00,63.05,63.05,63.05,63.0,0.0,0.0,3600,226955.0,0.0,63.05
HK.03690,2019-08-13 11:16:00,63.05,63.0,63.05,63.0,0.0,0.0,3900,245870.0,-0.07930214115780676,63.05
HK.03690,2019-08-13 11:17:00,63.0,63.05,63.05,63.0,0.0,0.0,4800,302580.0,0.07936507936507485,63.0
HK.03690,2019-08-13 11:18:00,63.0,63.05,63.05,63.0,0.0,0.0,3200,201690.0,0.0,63.05
HK.03690,2019-08-13 11:19:00,63.05,62.95,63.05,62.95,0.0,0.0,25600,1613040.0,-0.15860428231561352,63.05
HK.03690,2019-08-13 11:20:00,62.95,63.0,63.0,62.95,0.0,0.0,13200,830950.0,0.07942811755360947,62.95
HK.03690,2019-08-13 11:21:00,62.95,62.9,62.95,62.9,0.0,0.0,7500,471860.0,-0.158730158730161,63.0
HK.03690,2019-08-13 11:22:00,62.85,62.9,62.9,62.85,0.0,0.0,2400,150940.0,0.0,62.9
HK.03690,2019-08-13 11:23:00,62.85,62.9,62.9,62.85,0.0,0.0,5600,352120.0,0.0,62.9
HK.03690,2019-08-13 11:24:00,62.85,62.9,62.9,62.85,0.0,0.0,4300,270425.0,0.0,62.9
HK.03690,2019-08-13 11:25:00,62.9,62.9,62.9,62.85,0.0,0.0,4000,251580.0,0.0,62.9
HK.03690,2019-08-13 11:26:00,62.9,62.8,62.9,62.8,0.0,0.0,28300,1778205.0,-0.15898251192369067,62.9
HK.03690,2019-08-13 11:27:00,62.8,62.8,62.85,62.8,0.0,0.0,2200,138165.0,0.0,62.8
HK.03690,2019-08-13 11:28:00,62.75,62.8,62.8,62.75,0.0,0.0,1300,81620.0,0.0,62.8
HK.03690,2019-08-13 11:29:00,62.75,62.8,62.8,62.75,0.0,0.0,4200,263690.0,0.0,62.8
HK.03690,2019-08-13 11:30:00,62.8,62.75,62.8,62.75,0.0,0.0,4300,269965.0,-0.07961783439489994,62.8
HK.03690,2019-08-13 11:31:00,62.8,62.8,62.8,62.8,0.0,0.0,3200,200960.0,0.07968127490039388,62.75
HK.03690,2019-08-13 11:32:00,62.8,62.8,62.8,62.75,0.0,0.0,2700,169555.0,0.0,62.8
HK.03690,2019-08-13 11:33:00,62.75,62.8,62.85,62.75,0.0,0.0,37300,2342500.0,0.0,62.8
HK.03690,2019-08-13 11:34:00,62.85,62.8,62.85,62.8,0.0,0.0,4200,263850.0,0.0,62.8
HK.03690,2019-08-13 11:35:00,62.85,62.75,62.85,62.75,0.0,0.0,14300,897650.0,-0.07961783439489994,62.8
HK.03690,2019-08-13 11:36:00,62.75,62.7,62.75,62.7,0.0,0.0,1300,81555.0,-0.07968127490039388,62.75
HK.03690,2019-08-13 11:37:00,62.7,62.75,62.75,62.7,0.0,0.0,2800,175670.0,0.07974481658691732,62.7
HK.03690,2019-08-13 11:38:00,62.75,62.7,62.75,62.7,0.0,0.0,7700,482915.0,-0.07968127490039388,62.75
HK.03690,2019-08-13 11:39:00,62.75,62.7,62.75,62.7,0.0,0.0,1600,100375.0,0.0,62.7
HK.03690,2019-08-13 11:40:00,62.75,62.6,62.75,62.6,0.0,0.0,32800,2055100.0,-0.15948963317384596,62.7
HK.03690,2019-08-13 11:41:00,62.6,62.55,62.6,62.55,0.0,0.0,6300,394320.0,-0.07987220447285026,62.6
HK.03690,2019-08-13 11:42:00,62.55,62.6,62.6,62.55,0.0,0.0,15100,945240.0,0.07993605115907956,62.55
HK.03690,2019-08-13 11:43:00,62.55,62.5,62.55,62.5,0.0,0.0,4700,293970.0,-0.15974440894568917,62.6
HK.03690,2019-08-13 11:44:00,62.55,62.55,62.55,62.5,0.0,0.0,6300,393855.0,0.07999999999999545,62.5
HK.03690,2019-08-13 11:45:00,62.5,62.5,62.55,62.5,0.0,0.0,1200,75015.0,-0.0799360511590682,62.55
HK.03690,2019-08-13 11:46:00,62.5,62.55,62.55,62.5,0.0,0.0,17800,1112660.0,0.07999999999999545,62.5
HK.03690,2019-08-13 11:47:00,62.55,62.55,62.55,62.5,0.0,0.0,4500,281355.0,0.0,62.55
HK.03690,2019-08-13 11:48:00,62.55,62.25,62.55,62.2,0.0,0.0,90600,5650240.0,-0.4796163069544319,62.55
HK.03690,2019-08-13 11:49:00,62.25,62.15,62.35,62.1,0.0,0.0,30900,1922135.0,-0.16064257028112677,62.25
HK.03690,2019-08-13 11:50:00,62.1,62.1,62.1,62.05,0.0,0.0,8400,521635.0,-0.08045052292839447,62.15
HK.03690,2019-08-13 11:51:00,62.15,62.15,62.15,62.15,0.0,0.0,2000,124300.0,0.08051529790659769,62.1
HK.03690,2019-08-13 11:52:00,62.15,62.1,62.15,62.1,0.0,0.0,1500,93170.0,-0.08045052292839447,62.15
HK.03690,2019-08-13 11:53:00,62.1,62.15,62.15,62.1,0.0,0.0,1200,74540.0,0.08051529790659769,62.1
HK.03690,2019-08-13 11:54:00,62.1,62.3,62.3,62.1,0.0,0.0,37100,2307550.0,0.24135156878519484,62.15
HK.03690,2019-08-13 11:55:00,62.35,62.35,62.35,62.35,0.0,0.0,3700,230695.0,0.0802568218298624,62.3
HK.03690,2019-08-13 11:56:00,62.35,62.25,62.4,62.2,0.0,0.0,13400,834980.0,-0.16038492381716346,62.35
HK.03690,2019-08-13 11:57:00,62.2,62.2,62.25,62.2,0.0,0.0,800,49765.0,-0.08032128514055768,62.25
HK.03690,2019-08-13 11:58:00,62.2,62.25,62.25,62.2,0.0,0.0,2000,124445.0,0.08038585209002758,62.2
HK.03690,2019-08-13 11:59:00,62.2,62.25,62.25,62.2,0.0,0.0,1400,87110.0,0.0,62.25
HK.03690,2019-08-13 12:00:00,62.2,62.3,62.3,62.2,0.0,0.0,11100,690995.0,0.08032128514055768,62.25
HK.03690,2019-08-13 13:01:00,62.35,62.55,62.6,62.3,0.0,0.0,48100,3003980.0,0.40128410914927776,62.3
HK.03690,2019-08-13 13:02:00,62.55,62.6,62.6,62.4,0.0,0.0,110200,6895970.0,0.07993605115907956,62.55
HK.03690,2019-08-13 13:03:00,62.6,62.7,62.7,62.45,0.0,0.0,106100,6638310.0,0.15974440894568917,62.6
HK.03690,2019-08-13 13:04:00,62.65,62.75,62.8,62.6,0.0,0.0,59200,3711630.0,0.07974481658691732,62.7
HK.03690,2019-08-13 13:05:00,62.75,62.75,62.8,62.7,0.0,0.0,14100,884860.0,0.0,62.75
HK.03690,2019-08-13 13:06:00,62.75,62.85,62.85,62.75,0.0,0.0,7700,483505.0,0.15936254980079909,62.75
HK.03690,2019-08-13 13:07:00,62.8,62.85,62.85,62.8,0.0,0.0,4300,270175.0,0.0,62.85
HK.03690,2019-08-13 13:08:00,62.85,63.0,63.05,62.85,0.0,0.0,41000,2580095.0,0.23866348448687122,62.85
HK.03690,2019-08-13 13:09:00,63.05,62.7,63.05,62.7,0.0,0.0,39700,2498005.0,-0.4761904761904716,63.0
HK.03690,2019-08-13 13:10:00,62.65,62.8,62.8,62.6,0.0,0.0,34000,2130830.0,0.15948963317383463,62.7
HK.03690,2019-08-13 13:11:00,62.8,62.9,62.9,62.8,0.0,0.0,15800,992615.0,0.15923566878981119,62.8
HK.03690,2019-08-13 13:12:00,62.9,62.85,62.95,62.8,0.0,0.0,15500,974830.0,-0.07949125596183967,62.9
HK.03690,2019-08-13 13:13:00,62.85,62.85,62.85,62.8,0.0,0.0,3900,245100.0,0.0,62.85
HK.03690,2019-08-13 13:14:00,62.85,62.85,62.85,62.8,0.0,0.0,2400,150820.0,0.0,62.85
HK.03690,2019-08-13 13:15:00,62.85,62.9,62.9,62.85,0.0,0.0,14900,936685.0,0.07955449482895331,62.85
HK.03690,2019-08-13 13:16:00,62.9,62.8,62.9,62.8,0.0,0.0,17500,1099680.0,-0.15898251192369067,62.9
HK.03690,2019-08-13 13:17:00,62.8,62.8,62.8,62.8,0.0,0.0,2800,175840.0,0.0,62.8
HK.03690,2019-08-13 13:18:00,62.8,62.85,62.85,62.8,0.0,0.0,11800,741215.0,0.07961783439491125,62.8
HK.03690,2019-08-13 13:19:00,62.85,62.9,62.9,62.8,0.0,0.0,18700,1175510.0,0.07955449482895331,62.85
HK.03690,2019-08-13 13:20:00,62.9,62.9,62.9,62.9,0.0,0.0,4400,276760.0,0.0,62.9
HK.03690,2019-08-13 13:21:00,62.85,62.8,62.9,62.8,0.0,0.0,20500,1288080.0,-0.15898251192369067,62.9
HK.03690,2019-08-13 13:22:00,62.8,62.8,62.8,62.8,0.0,0.0,4100,257480.0,0.0,62.8
HK.03690,2019-08-13 13:23:00,62.75,62.8,62.8,62.75,0.0,0.0,3900,244900.0,0.0,62.8
HK.03690,2019-08-13 13:24:00,62.75,62.8,62.8,62.75,0.0,0.0,3800,238570.0,0.0,62.8
HK.03690,2019-08-13 13:25:00,62.75,62.8,62.8,62.75,0.0,0.0,2900,182050.0,0.0,62.8
HK.03690,2019-08-13 13:26:00,62.8,62.65,62.8,62.65,0.0,0.0,67600,4239820.0,-0.2388535031847111,62.8
HK.03690,2019-08-13 13:27:00,62.65,62.75,62.75,62.6,0.0,0.0,71800,4497930.0,0.15961691939345796,62.65
HK.03690,2019-08-13 13:28:00,62.75,62.75,62.75,62.7,0.0,0.0,2300,144305.0,0.0,62.75
HK.03690,2019-08-13 13:29:00,62.75,62.75,62.75,62.75,0.0,0.0,3000,188250.0,0.0,62.75
HK.03690,2019-08-13 13:30:00,62.75,62.75,62.75,62.7,0.0,0.0,3300,207060.0,0.0,62.75
HK.03690,2019-08-13 13:31:00,62.7,62.75,62.8,62.7,0.0,0.0,21400,1342845.0,0.0,62.75
HK.03690,2019-08-13 13:32:00,62.8,62.75,62.8,62.75,0.0,0.0,11100,696610.0,0.0,62.75
HK.03690,2019-08-13 13:33:00,62.75,62.85,62.85,62.75,0.0,0.0,23300,1463200.0,0.15936254980079909,62.75
HK.03690,2019-08-13 13:34:00,62.85,62.85,62.85,62.8,0.0,0.0,3600,226240.0,0.0,62.85
HK.03690,2019-08-13 13:35:00,62.8,62.75,62.8,62.75,0.0,0.0,14100,885440.0,-0.15910898965791792,62.85
HK.03690,2019-08-13 13:36:00,62.75,62.7,62.75,62.7,0.0,0.0,22400,1404735.0,-0.07968127490039388,62.75
HK.03690,2019-08-13 13:37:00,62.7,62.75,62.75,62.7,0.0,0.0,11900,746250.0,0.07974481658691732,62.7
HK.03690,2019-08-13 13:38:00,62.75,62.75,62.75,62.75,0.0,0.0,900,56475.0,0.0,62.75
HK.03690,2019-08-13 13:39:00,62.75,62.7,62.75,62.7,0.0,0.0,3200,200780.0,-0.07968127490039388,62.75
HK.03690,2019-08-13 13:40:00,62.75,62.75,62.75,62.75,0.0,0.0,4300,269825.0,0.07974481658691732,62.7
HK.03690,2019-08-13 13:41:00,62.7,62.75,62.8,62.7,0.0,0.0,18000,1129595.0,0.0,62.75
HK.03690,2019-08-13 13:42:00,62.75,62.8,62.8,62.75,0.0,0.0,2700,169475.0,0.07968127490039388,62.75
HK.03690,2019-08-13 13:43:00,62.8,62.75,62.8,62.75,0.0,0.0,2200,138135.0,-0.07961783439489994,62.8
HK.03690,2019-08-13 13:44:00,62.8,62.8,62.8,62.8,0.0,0.0,16100,1011080.0,0.07968127490039388,62.75
HK.03690,2019-08-13 13:45:00,62.8,62.8,62.8,62.8,0.0,0.0,24700,1551160.0,0.0,62.8
HK.03690,2019-08-13 13:46:00,62.85,62.85,62.85,62.8,0.0,0.0,12300,772925.0,0.07961783439491125,62.8
HK.03690,2019-08-13 13:47:00,62.85,62.8,62.85,62.8,0.0,0.0,6600,414800.0,-0.07955449482896462,62.85
HK.03690,2019-08-13 13:48:00,62.85,62.85,62.9,62.8,0.0,0.0,25500,1602755.0,0.07961783439491125,62.8
HK.03690,2019-08-13 13:49:00,62.85,62.8,62.9,62.8,0.0,0.0,22000,1381900.0,-0.07955449482896462,62.85
HK.03690,2019-08-13 13:50:00,62.85,62.8,62.85,62.8,0.0,0.0,3800,238745.0,0.0,62.8
HK.03690,2019-08-13 13:51:00,62.75,62.75,62.75,62.7,0.0,0.0,27300,1712925.0,-0.07961783439489994,62.8
HK.03690,2019-08-13 13:52:00,62.7,62.7,62.75,62.65,0.0,0.0,14500,909245.0,-0.07968127490039388,62.75
HK.03690,2019-08-13 13:53:00,62.7,62.65,62.7,62.65,0.0,0.0,17000,1065365.0,-0.07974481658692865,62.7
HK.03690,2019-08-13 13:54:00,62.6,62.7,62.7,62.55,0.0,0.0,134000,8388685.0,0.07980845969673465,62.65
HK.03690,2019-08-13 13:55:00,62.7,62.7,62.7,62.65,0.0,0.0,6000,376175.0,0.0,62.7
HK.03690,2019-08-13 13:56:00,62.7,62.75,62.75,62.7,0.0,0.0,24200,1517620.0,0.07974481658691732,62.7
HK.03690,2019-08-13 13:57:00,62.75,62.75,62.75,62.75,0.0,0.0,4900,307475.0,0.0,62.75
HK.03690,2019-08-13 13:58:00,62.75,62.75,62.75,62.7,0.0,0.0,8700,545880.0,0.0,62.75
HK.03690,2019-08-13 13:59:00,62.75,62.8,62.8,62.75,0.0,0.0,22300,1399515.0,0.07968127490039388,62.75
HK.03690,2019-08-13 14:00:00,62.8,62.7,62.8,62.55,0.0,0.0,44100,2764705.0,-0.1592356687897999,62.8
HK.03690,2019-08-13 14:01:00,62.7,62.6,62.7,62.55,0.0,0.0,2800,175300.0,-0.15948963317384596,62.7
HK.03690,2019-08-13 14:02:00,62.6,62.55,62.6,62.55,0.0,0.0,8600,537975.0,-0.07987220447285026,62.6
HK.03690,2019-08-13 14:03:00,62.55,62.5,62.55,62.45,0.0,0.0,5500,343770.0,-0.0799360511590682,62.55
HK.03690,2019-08-13 14:04:00,62.5,62.5,62.55,62.5,0.0,0.0,42500,2656260.0,0.0,62.5
HK.03690,2019-08-13 14:05:00,62.55,62.55,62.55,62.5,0.0,0.0,6300,393870.0,0.07999999999999545,62.5
HK.03690,2019-08-13 14:06:00,62.5,62.5,62.5,62.5,0.0,0.0,1600,100000.0,-0.0799360511590682,62.55
HK.03690,2019-08-13 14:07:00,62.5,62.5,62.55,62.5,0.0,0.0,20300,1268920.0,0.0,62.5
HK.03690,2019-08-13 14:08:00,62.5,62.5,62.55,62.5,0.0,0.0,6500,406260.0,0.0,62.5
HK.03690,2019-08-13 14:09:00,62.45,62.5,62.5,62.45,0.0,0.0,2400,149980.0,0.0,62.5
HK.03690,2019-08-13 14:10:00,62.45,62.5,62.5,62.45,0.0,0.0,30500,1904825.0,0.0,62.5
HK.03690,2019-08-13 14:11:00,62.5,62.55,62.55,62.5,0.0,0.0,10500,656255.0,0.07999999999999545,62.5
HK.03690,2019-08-13 14:12:00,62.5,62.55,62.55,62.5,0.0,0.0,8500,531330.0,0.0,62.55
HK.03690,2019-08-13 14:13:00,62.55,62.5,62.55,62.5,0.0,0.0,5000,312535.0,-0.0799360511590682,62.55
HK.03690,2019-08-13 14:14:00,62.5,62.45,62.5,62.45,0.0,0.0,15700,980590.0,-0.07999999999999545,62.5
HK.03690,2019-08-13 14:15:00,62.4,62.45,62.45,62.4,0.0,0.0,7300,455730.0,0.0,62.45
HK.03690,2019-08-13 14:16:00,62.45,62.5,62.5,62.4,0.0,0.0,53000,3309900.0,0.08006405124098824,62.45
HK.03690,2019-08-13 14:17:00,62.5,62.45,62.5,62.45,0.0,0.0,3300,206120.0,-0.07999999999999545,62.5
HK.03690,2019-08-13 14:18:00,62.45,62.25,62.45,62.05,0.0,0.0,132000,8226160.0,-0.3202562049639757,62.45
HK.03690,2019-08-13 14:19:00,62.2,62.3,62.3,62.2,0.0,0.0,44800,2787795.0,0.08032128514055768,62.25
HK.03690,2019-08-13 14:20:00,62.3,62.3,62.3,62.25,0.0,0.0,6400,398525.0,0.0,62.3
HK.03690,2019-08-13 14:21:00,62.3,62.35,62.35,62.3,0.0,0.0,14200,884950.0,0.0802568218298624,62.3
HK.03690,2019-08-13 14:22:00,62.3,62.3,62.35,62.2,0.0,0.0,21700,1350910.0,-0.08019246190858743,62.35
HK.03690,2019-08-13 14:23:00,62.3,62.2,62.3,62.2,0.0,0.0,5000,311210.0,-0.16051364365970197,62.3
HK.03690,2019-08-13 14:24:00,62.25,62.25,62.25,62.25,0.0,0.0,13000,809250.0,0.08038585209002758,62.2
HK.03690,2019-08-13 14:25:00,62.25,62.25,62.25,62.25,0.0,0.0,1300,80925.0,0.0,62.25
HK.03690,2019-08-13 14:26:00,62.25,62.45,62.6,62.2,0.0,0.0,57300,3570855.0,0.32128514056225355,62.25
HK.03690,2019-08-13 14:27:00,62.5,62.35,62.5,62.3,0.0,0.0,16600,1035890.0,-0.16012810248198786,62.45
HK.03690,2019-08-13 14:28:00,62.35,62.35,62.35,62.35,0.0,0.0,1600,99760.0,0.0,62.35
HK.03690,2019-08-13 14:29:00,62.35,62.4,62.4,62.35,0.0,0.0,8800,548785.0,0.08019246190857603,62.35
HK.03690,2019-08-13 14:30:00,62.4,62.45,62.5,62.4,0.0,0.0,16700,1042520.0,0.08012820512821196,62.4
HK.03690,2019-08-13 14:31:00,62.5,62.6,62.6,62.5,0.0,0.0,8000,500255.0,0.24019215372297611,62.45
HK.03690,2019-08-13 14:32:00,62.5,62.5,62.55,62.45,0.0,0.0,8800,550080.0,-0.15974440894568917,62.6
HK.03690,2019-08-13 14:33:00,62.5,62.5,62.5,62.5,0.0,0.0,7200,450000.0,0.0,62.5
HK.03690,2019-08-13 14:34:00,62.5,62.5,62.5,62.5,0.0,0.0,2700,168750.0,0.0,62.5
HK.03690,2019-08-13 14:35:00,62.5,62.5,62.5,62.5,0.0,0.0,14700,918750.0,0.0,62.5
HK.03690,2019-08-13 14:36:00,62.5,62.55,62.55,62.5,0.0,0.0,1900,118780.0,0.07999999999999545,62.5
HK.03690,2019-08-13 14:37:00,62.55,62.5,62.55,62.5,0.0,0.0,7000,437680.0,-0.0799360511590682,62.55
HK.03690,2019-08-13 14:38:00,62.55,62.45,62.55,62.4,0.0,0.0,50100,3128525.0,-0.07999999999999545,62.5
HK.03690,2019-08-13 14:39:00,62.45,62.5,62.5,62.4,0.0,0.0,4000,249810.0,0.08006405124098824,62.45
HK.03690,2019-08-13 14:40:00,62.5,62.5,62.5,62.45,0.0,0.0,6700,418555.0,0.0,62.5
HK.03690,2019-08-13 14:41:00,62.5,62.6,62.65,62.5,0.0,0.0,36500,2283205.0,0.16000000000000228,62.5
HK.03690,2019-08-13 14:42:00,62.6,62.5,62.6,62.5,0.0,0.0,19900,1244305.0,-0.15974440894568917,62.6
HK.03690,2019-08-13 14:43:00,62.45,62.5,62.5,62.45,0.0,0.0,2000,124985.0,0.0,62.5
HK.03690,2019-08-13 14:44:00,62.5,62.5,62.5,62.45,0.0,0.0,4000,249980.0,0.0,62.5
HK.03690,2019-08-13 14:45:00,62.5,62.5,62.55,62.5,0.0,0.0,10500,656305.0,0.0,62.5
HK.03690,2019-08-13 14:46:00,62.55,62.5,62.55,62.5,0.0,0.0,4000,250195.0,0.0,62.5
HK.03690,2019-08-13 14:47:00,62.55,62.55,62.55,62.55,0.0,0.0,3800,237690.0,0.07999999999999545,62.5
HK.03690,2019-08-13 14:48:00,62.55,62.6,62.6,62.5,0.0,0.0,23200,1451200.0,0.07993605115907956,62.55
HK.03690,2019-08-13 14:49:00,62.6,62.6,62.6,62.6,0.0,0.0,5200,325520.0,0.0,62.6
HK.03690,2019-08-13 14:50:00,62.6,62.5,62.6,62.5,0.0,0.0,23200,1450950.0,-0.15974440894568917,62.6
HK.03690,2019-08-13 14:51:00,62.45,62.45,62.5,62.4,0.0,0.0,16600,1036580.0,-0.07999999999999545,62.5
HK.03690,2019-08-13 14:52:00,62.45,62.45,62.5,62.45,0.0,0.0,20200,1261755.0,0.0,62.45
HK.03690,2019-08-13 14:53:00,62.45,62.55,62.55,62.45,0.0,0.0,11300,706050.0,0.16012810248197648,62.45
HK.03690,2019-08-13 14:54:00,62.55,62.65,62.65,62.55,0.0,0.0,10600,663245.0,0.15987210231814775,62.55
HK.03690,2019-08-13 14:55:00,62.65,62.6,62.65,62.6,0.0,0.0,9500,594845.0,-0.07980845969672332,62.65
HK.03690,2019-08-13 14:56:00,62.6,62.6,62.65,62.6,0.0,0.0,7100,444510.0,0.0,62.6
HK.03690,2019-08-13 14:57:00,62.6,62.6,62.65,62.6,0.0,0.0,6500,406950.0,0.0,62.6
HK.03690,2019-08-13 14:58:00,62.6,62.65,62.65,62.6,0.0,0.0,3600,225370.0,0.07987220447283891,62.6
HK.03690,2019-08-13 14:59:00,62.65,62.65,62.65,62.6,0.0,0.0,5200,325775.0,0.0,62.65
HK.03690,2019-08-13 15:00:00,62.65,62.65,62.65,62.65,0.0,0.0,2900,181685.0,0.0,62.65
HK.03690,2019-08-13 15:01:00,62.65,62.65,62.7,62.65,0.0,0.0,13100,820720.0,0.0,62.65
HK.03690,2019-08-13 15:02:00,62.65,62.65,62.65,62.6,0.0,0.0,5400,338285.0,0.0,62.65
HK.03690,2019-08-13 15:03:00,62.65,62.65,62.65,62.65,0.0,0.0,4700,294455.0,0.0,62.65
HK.03690,2019-08-13 15:04:00,62.65,62.65,62.65,62.6,0.0,0.0,6600,413365.0,0.0,62.65
HK.03690,2019-08-13 15:05:00,62.65,62.65,62.65,62.6,0.0,0.0,5600,350835.0,0.0,62.65
HK.03690,2019-08-13 15:06:00,62.65,62.65,62.65,62.6,0.0,0.0,3600,225515.0,0.0,62.65
HK.03690,2019-08-13 15:07:00,62.6,62.6,62.65,62.55,0.0,0.0,35400,2216005.0,-0.07980845969672332,62.65
HK.03690,2019-08-13 15:08:00,62.6,62.6,62.6,62.6,0.0,0.0,22800,1427280.0,0.0,62.6
HK.03690,2019-08-13 15:09:00,62.55,62.6,62.6,62.55,0.0,0.0,3300,206560.0,0.0,62.6
HK.03690,2019-08-13 15:10:00,62.6,62.6,62.6,62.6,0.0,0.0,9300,582180.0,0.0,62.6
HK.03690,2019-08-13 15:11:00,62.6,62.6,62.6,62.6,0.0,0.0,5300,331780.0,0.0,62.6
HK.03690,2019-08-13 15:12:00,62.6,62.6,62.6,62.6,0.0,0.0,5700,356820.0,0.0,62.6
HK.03690,2019-08-13 15:13:00,62.55,62.6,62.6,62.55,0.0,0.0,5300,331745.0,0.0,62.6
HK.03690,2019-08-13 15:14:00,62.6,62.6,62.6,62.55,0.0,0.0,9300,582170.0,0.0,62.6
HK.03690,2019-08-13 15:15:00,62.6,62.6,62.6,62.6,0.0,0.0,12100,757460.0,0.0,62.6
HK.03690,2019-08-13 15:16:00,62.6,62.6,62.6,62.55,0.0,0.0,8800,550860.0,0.0,62.6
HK.03690,2019-08-13 15:17:00,62.6,62.6,62.6,62.6,0.0,0.0,8100,507060.0,0.0,62.6
HK.03690,2019-08-13 15:18:00,62.55,62.6,62.6,62.55,0.0,0.0,8300,519530.0,0.0,62.6
HK.03690,2019-08-13 15:19:00,62.6,62.6,62.6,62.55,0.0,0.0,6500,406880.0,0.0,62.6
HK.03690,2019-08-13 15:20:00,62.6,62.45,62.6,62.45,0.0,0.0,51800,3239625.0,-0.23961661341852808,62.6
HK.03690,2019-08-13 15:21:00,62.45,62.45,62.45,62.4,0.0,0.0,67400,4206855.0,0.0,62.45
HK.03690,2019-08-13 15:22:00,62.45,62.55,62.55,62.45,0.0,0.0,12900,806375.0,0.16012810248197648,62.45
HK.03690,2019-08-13 15:23:00,62.55,62.5,62.55,62.5,0.0,0.0,15800,987875.0,-0.0799360511590682,62.55
HK.03690,2019-08-13 15:24:00,62.55,62.55,62.55,62.55,0.0,0.0,13200,825660.0,0.07999999999999545,62.5
HK.03690,2019-08-13 15:25:00,62.55,62.6,62.6,62.55,0.0,0.0,23700,1483080.0,0.07993605115907956,62.55
HK.03690,2019-08-13 15:26:00,62.6,62.6,62.6,62.6,0.0,0.0,8400,525840.0,0.0,62.6
HK.03690,2019-08-13 15:27:00,62.6,62.6,62.6,62.55,0.0,0.0,7700,481990.0,0.0,62.6
HK.03690,2019-08-13 15:28:00,62.6,62.6,62.6,62.55,0.0,0.0,24200,1514085.0,0.0,62.6
HK.03690,2019-08-13 15:29:00,62.55,62.6,62.6,62.55,0.0,0.0,24000,1502380.0,0.0,62.6
HK.03690,2019-08-13 15:30:00,62.55,62.6,62.6,62.55,0.0,0.0,14800,926465.0,0.0,62.6
HK.03690,2019-08-13 15:31:00,62.6,62.6,62.6,62.6,0.0,0.0,6600,413160.0,0.0,62.6
HK.03690,2019-08-13 15:32:00,62.55,62.5,62.6,62.5,0.0,0.0,72900,4560100.0,-0.15974440894568917,62.6
HK.03690,2019-08-13 15:33:00,62.45,62.45,62.5,62.45,0.0,0.0,22000,1373905.0,-0.07999999999999545,62.5
HK.03690,2019-08-13 15:34:00,62.45,62.5,62.5,62.4,0.0,0.0,24500,1530155.0,0.08006405124098824,62.45
HK.03690,2019-08-13 15:35:00,62.5,62.5,62.5,62.5,0.0,0.0,3000,187500.0,0.0,62.5
HK.03690,2019-08-13 15:36:00,62.5,62.5,62.55,62.45,0.0,0.0,35900,2243750.0,0.0,62.5
HK.03690,2019-08-13 15:37:00,62.5,62.5,62.5,62.5,0.0,0.0,2800,175000.0,0.0,62.5
HK.03690,2019-08-13 15:38:00,62.5,62.4,62.5,62.4,0.0,0.0,42500,2653960.0,-0.16000000000000228,62.5
HK.03690,2019-08-13 15:39:00,62.4,62.4,62.45,62.4,0.0,0.0,2300,143575.0,0.0,62.4
HK.03690,2019-08-13 15:40:00,62.4,62.4,62.45,62.35,0.0,0.0,33600,2096575.0,0.0,62.4
HK.03690,2019-08-13 15:41:00,62.35,62.4,62.4,62.35,0.0,0.0,7700,480350.0,0.0,62.4
HK.03690,2019-08-13 15:42:00,62.35,62.35,62.4,62.35,0.0,0.0,4300,268210.0,-0.08012820512820057,62.4
HK.03690,2019-08-13 15:43:00,62.4,62.5,62.5,62.4,0.0,0.0,85700,5350265.0,0.24057738572573947,62.35
HK.03690,2019-08-13 15:44:00,62.5,62.55,62.55,62.5,0.0,0.0,45700,2856310.0,0.07999999999999545,62.5
HK.03690,2019-08-13 15:45:00,62.55,62.5,62.55,62.45,0.0,0.0,73400,4585390.0,-0.0799360511590682,62.55
HK.03690,2019-08-13 15:46:00,62.5,62.45,62.5,62.4,0.0,0.0,28600,1786595.0,-0.07999999999999545,62.5
HK.03690,2019-08-13 15:47:00,62.4,62.35,62.45,62.3,0.0,0.0,86800,5411295.0,-0.16012810248198786,62.45
HK.03690,2019-08-13 15:48:00,62.35,62.4,62.4,62.35,0.0,0.0,17000,1060115.0,0.08019246190857603,62.35
HK.03690,2019-08-13 15:49:00,62.4,62.5,62.55,62.4,0.0,0.0,172600,10785170.0,0.16025641025641252,62.4
HK.03690,2019-08-13 15:50:00,62.5,62.45,62.55,62.4,0.0,0.0,118400,7397060.0,-0.07999999999999545,62.5
HK.03690,2019-08-13 15:51:00,62.5,62.55,62.55,62.45,0.0,0.0,60800,3800280.0,0.16012810248197648,62.45
HK.03690,2019-08-13 15:52:00,62.5,62.4,62.55,62.35,0.0,0.0,42300,2642325.0,-0.23980815347721596,62.55
HK.03690,2019-08-13 15:53:00,62.5,62.5,62.55,62.45,0.0,0.0,54800,3425020.0,0.16025641025641252,62.4
HK.03690,2019-08-13 15:54:00,62.5,62.4,62.55,62.35,0.0,0.0,81600,5094570.0,-0.16000000000000228,62.5
HK.03690,2019-08-13 15:55:00,62.4,62.45,62.45,62.35,0.0,0.0,11000,686440.0,0.08012820512821196,62.4
HK.03690,2019-08-13 15:56:00,62.45,62.45,62.45,62.4,0.0,0.0,24300,1517515.0,0.0,62.45
HK.03690,2019-08-13 15:57:00,62.45,62.5,62.5,62.35,0.0,0.0,52300,3264325.0,0.08006405124098824,62.45
HK.03690,2019-08-13 15:58:00,62.5,62.4,62.5,62.4,0.0,0.0,73400,4585330.0,-0.16000000000000228,62.5
HK.03690,2019-08-13 15:59:00,62.35,62.55,62.55,62.35,0.0,0.0,81700,5104145.0,0.2403846153846131,62.4
HK.03690,2019-08-13 16:00:00,62.55,62.35,62.55,62.3,0.0,0.0,629500,39252330.0,-0.31974420463628417,62.55
