code,time_key,open,close,high,low,pe_ratio,turnover_rate,volume,turnover,change_rate,last_close
HK.01928,2020-08-31 09:30:00,34.1,34.1,34.1,34.1,0.0,0.0,108000,3682800.0,0.0,33.95
HK.01928,2020-08-31 09:31:00,34.2,34.55,34.65,34.2,0.0,0.0,102400,3527600.0,1.3196480938416295,34.1
HK.01928,2020-08-31 09:32:00,34.65,34.95,34.95,34.65,0.0,0.0,365200,12714680.0,1.1577424023155014,34.55
HK.01928,2020-08-31 09:33:00,34.95,34.95,34.95,34.9,0.0,0.0,34000,1187820.0,0.0,34.95
HK.01928,2020-08-31 09:34:00,34.95,35.4,35.4,34.9,0.0,0.0,811200,28524760.0,1.2875536480686571,34.95
HK.01928,2020-08-31 09:35:00,35.4,35.35,35.45,35.3,0.0,0.0,336800,11908880.0,-0.14124293785309933,35.4
HK.01928,2020-08-31 09:36:00,35.35,35.5,35.55,35.35,0.0,0.0,355200,12606940.0,0.4243281471004203,35.35
HK.01928,2020-08-31 09:37:00,35.45,35.4,35.5,35.4,0.0,0.0,290400,10292600.0,-0.28169014084507443,35.5
HK.01928,2020-08-31 09:38:00,35.4,35.35,35.45,35.35,0.0,0.0,132400,4689020.0,-0.14124293785309933,35.4
HK.01928,2020-08-31 09:39:00,35.3,35.15,35.35,35.15,0.0,0.0,196400,6927920.0,-0.5657708628005738,35.35
HK.01928,2020-08-31 09:40:00,35.15,34.95,35.35,34.95,0.0,0.0,380800,13408360.0,-0.5689900426742411,35.15
HK.01928,2020-08-31 09:41:00,35.0,34.95,35.0,34.9,0.0,0.0,21600,754940.0,0.0,34.95
HK.01928,2020-08-31 09:42:00,35.0,35.05,35.05,34.95,0.0,0.0,114000,3992000.0,0.2861230329041325,34.95
HK.01928,2020-08-31 09:43:00,35.0,35.0,35.05,35.0,0.0,0.0,68800,2408360.0,-0.14265335235377222,35.05
HK.01928,2020-08-31 09:44:00,35.0,35.05,35.1,35.0,0.0,0.0,84400,2958260.0,0.14285714285713474,35.0
HK.01928,2020-08-31 09:45:00,35.05,35.05,35.1,35.05,0.0,0.0,34800,1220440.0,0.0,35.05
HK.01928,2020-08-31 09:46:00,35.1,35.1,35.2,35.0,0.0,0.0,74000,2597060.0,0.14265335235379248,35.05
HK.01928,2020-08-31 09:47:00,35.1,35.1,35.15,35.05,0.0,0.0,85600,3004560.0,0.0,35.1
HK.01928,2020-08-31 09:48:00,35.1,34.95,35.1,34.95,0.0,0.0,32400,1134860.0,-0.42735042735042333,35.1
HK.01928,2020-08-31 09:49:00,34.95,35.0,35.0,34.95,0.0,0.0,8800,307620.0,0.14306151645206625,34.95
HK.01928,2020-08-31 09:50:00,34.95,34.95,34.95,34.9,0.0,0.0,74400,2600200.0,-0.14285714285713474,35.0
HK.01928,2020-08-31 09:51:00,34.95,34.95,34.95,34.9,0.0,0.0,5600,195700.0,0.0,34.95
HK.01928,2020-08-31 09:52:00,34.95,34.95,35.0,34.95,0.0,0.0,62800,2195060.0,0.0,34.95
HK.01928,2020-08-31 09:53:00,34.95,34.8,34.95,34.8,0.0,0.0,65200,2273740.0,-0.4291845493562394,34.95
HK.01928,2020-08-31 09:54:00,34.8,34.7,34.8,34.7,0.0,0.0,93200,3234320.0,-0.2873563218390641,34.8
HK.01928,2020-08-31 09:55:00,34.7,34.65,34.7,34.6,0.0,0.0,46400,1608120.0,-0.14409221902018518,34.7
HK.01928,2020-08-31 09:56:00,34.65,34.7,34.75,34.6,0.0,0.0,103200,3579680.0,0.1443001443001566,34.65
HK.01928,2020-08-31 09:57:00,34.7,34.75,34.75,34.7,0.0,0.0,21200,736320.0,0.1440922190201647,34.7
HK.01928,2020-08-31 09:58:00,34.75,34.75,34.75,34.75,0.0,0.0,6400,222400.0,0.0,34.75
HK.01928,2020-08-31 09:59:00,34.75,34.75,34.75,34.7,0.0,0.0,60800,2112700.0,0.0,34.75
HK.01928,2020-08-31 10:00:00,34.75,34.8,34.85,34.75,0.0,0.0,70000,2435740.0,0.14388489208632277,34.75
HK.01928,2020-08-31 10:01:00,34.8,34.7,34.8,34.7,0.0,0.0,42000,1460220.0,-0.2873563218390641,34.8
HK.01928,2020-08-31 10:02:00,34.75,34.7,34.75,34.7,0.0,0.0,38000,1318900.0,0.0,34.7
HK.01928,2020-08-31 10:03:00,34.7,34.7,34.75,34.7,0.0,0.0,15600,541460.0,0.0,34.7
HK.01928,2020-08-31 10:04:00,34.7,34.75,34.75,34.7,0.0,0.0,7200,250060.0,0.1440922190201647,34.7
HK.01928,2020-08-31 10:05:00,34.7,34.6,34.7,34.6,0.0,0.0,5600,194180.0,-0.43165467625898873,34.75
HK.01928,2020-08-31 10:06:00,34.7,34.6,34.7,34.6,0.0,0.0,2400,83120.0,0.0,34.6
HK.01928,2020-08-31 10:07:00,34.6,34.6,34.65,34.6,0.0,0.0,30400,1051920.0,0.0,34.6
HK.01928,2020-08-31 10:08:00,34.6,34.6,34.6,34.55,0.0,0.0,5200,179700.0,0.0,34.6
HK.01928,2020-08-31 10:09:00,34.55,34.55,34.6,34.55,0.0,0.0,2000,69140.0,-0.14450867052024352,34.6
HK.01928,2020-08-31 10:10:00,34.55,34.55,34.6,34.55,0.0,0.0,68800,2377100.0,0.0,34.55
HK.01928,2020-08-31 10:11:00,34.55,34.6,34.6,34.55,0.0,0.0,28000,967640.0,0.14471780028944795,34.55
HK.01928,2020-08-31 10:12:00,34.6,34.6,34.6,34.6,0.0,0.0,4800,166080.0,0.0,34.6
HK.01928,2020-08-31 10:13:00,34.6,34.6,34.6,34.6,0.0,0.0,4800,166080.0,0.0,34.6
HK.01928,2020-08-31 10:14:00,34.55,34.6,34.6,34.55,0.0,0.0,6000,207580.0,0.0,34.6
HK.01928,2020-08-31 10:15:00,34.6,34.6,34.6,34.6,0.0,0.0,2400,83040.0,0.0,34.6
HK.01928,2020-08-31 10:16:00,34.55,34.55,34.55,34.55,0.0,0.0,50400,1741320.0,-0.14450867052024352,34.6
HK.01928,2020-08-31 10:17:00,34.55,34.5,34.55,34.5,0.0,0.0,29600,1021220.0,-0.1447178002894274,34.55
HK.01928,2020-08-31 10:18:00,34.5,34.6,34.7,34.5,0.0,0.0,146800,5078880.0,0.28985507246377223,34.5
HK.01928,2020-08-31 10:19:00,34.6,34.65,34.65,34.6,0.0,0.0,10000,346280.0,0.14450867052022298,34.6
HK.01928,2020-08-31 10:20:00,34.65,34.65,34.65,34.65,0.0,0.0,12400,429660.0,0.0,34.65
HK.01928,2020-08-31 10:21:00,34.65,34.65,34.7,34.65,0.0,0.0,39600,1373440.0,0.0,34.65
HK.01928,2020-08-31 10:22:00,34.7,34.7,34.7,34.7,0.0,0.0,6800,235960.0,0.1443001443001566,34.65
HK.01928,2020-08-31 10:23:00,34.65,34.7,34.7,34.65,0.0,0.0,10800,374740.0,0.0,34.7
HK.01928,2020-08-31 10:24:00,34.7,34.7,34.7,34.7,0.0,0.0,800,27760.0,0.0,34.7
HK.01928,2020-08-31 10:25:00,34.65,34.75,34.75,34.65,0.0,0.0,18800,652520.0,0.1440922190201647,34.7
HK.01928,2020-08-31 10:26:00,34.75,34.75,34.75,34.75,0.0,0.0,8400,291900.0,0.0,34.75
HK.01928,2020-08-31 10:27:00,34.75,34.8,34.8,34.75,0.0,0.0,16000,556160.0,0.14388489208632277,34.75
HK.01928,2020-08-31 10:28:00,34.8,34.8,34.8,34.8,0.0,0.0,0,0.0,0.0,34.8
HK.01928,2020-08-31 10:29:00,34.75,34.75,34.75,34.7,0.0,0.0,77600,2695300.0,-0.14367816091953206,34.8
HK.01928,2020-08-31 10:30:00,34.75,34.75,34.8,34.7,0.0,0.0,32400,1125760.0,0.0,34.75
HK.01928,2020-08-31 10:31:00,34.7,34.8,34.8,34.7,0.0,0.0,16400,570220.0,0.14388489208632277,34.75
HK.01928,2020-08-31 10:32:00,34.8,34.8,34.8,34.8,0.0,0.0,5600,194880.0,0.0,34.8
HK.01928,2020-08-31 10:33:00,34.8,34.8,34.8,34.8,0.0,0.0,11600,403680.0,0.0,34.8
HK.01928,2020-08-31 10:34:00,34.75,34.75,34.75,34.75,0.0,0.0,800,27800.0,-0.14367816091953206,34.8
HK.01928,2020-08-31 10:35:00,34.75,34.8,34.8,34.75,0.0,0.0,6000,208760.0,0.14388489208632277,34.75
HK.01928,2020-08-31 10:36:00,34.75,34.7,34.75,34.65,0.0,0.0,34400,1194900.0,-0.2873563218390641,34.8
HK.01928,2020-08-31 10:37:00,34.7,34.65,34.75,34.65,0.0,0.0,83600,2902700.0,-0.14409221902018518,34.7
HK.01928,2020-08-31 10:38:00,34.65,34.65,34.65,34.6,0.0,0.0,20000,692820.0,0.0,34.65
HK.01928,2020-08-31 10:39:00,34.65,34.65,34.65,34.65,0.0,0.0,0,0.0,0.0,34.65
HK.01928,2020-08-31 10:40:00,34.65,34.65,34.65,34.65,0.0,0.0,1200,41580.0,0.0,34.65
HK.01928,2020-08-31 10:41:00,34.6,34.6,34.65,34.6,0.0,0.0,3600,124660.0,-0.1443001443001361,34.65
HK.01928,2020-08-31 10:42:00,34.6,34.6,34.6,34.6,0.0,0.0,1200,41520.0,0.0,34.6
HK.01928,2020-08-31 10:43:00,34.6,34.7,34.7,34.6,0.0,0.0,66800,2315500.0,0.28901734104046656,34.6
HK.01928,2020-08-31 10:44:00,34.7,34.7,34.7,34.7,0.0,0.0,2000,69400.0,0.0,34.7
HK.01928,2020-08-31 10:45:00,34.7,34.7,34.7,34.7,0.0,0.0,25200,874440.0,0.0,34.7
HK.01928,2020-08-31 10:46:00,34.7,34.65,34.7,34.6,0.0,0.0,54000,1872120.0,-0.14409221902018518,34.7
HK.01928,2020-08-31 10:47:00,34.65,34.7,34.7,34.65,0.0,0.0,5200,180260.0,0.1443001443001566,34.65
HK.01928,2020-08-31 10:48:00,34.7,34.7,34.7,34.7,0.0,0.0,11600,402520.0,0.0,34.7
HK.01928,2020-08-31 10:49:00,34.7,34.7,34.7,34.7,0.0,0.0,2800,97160.0,0.0,34.7
HK.01928,2020-08-31 10:50:00,34.7,34.7,34.7,34.65,0.0,0.0,3600,124860.0,0.0,34.7
HK.01928,2020-08-31 10:51:00,34.7,34.7,34.7,34.7,0.0,0.0,68000,2359600.0,0.0,34.7
HK.01928,2020-08-31 10:52:00,34.7,34.7,34.7,34.7,0.0,0.0,0,0.0,0.0,34.7
HK.01928,2020-08-31 10:53:00,34.7,34.6,34.7,34.6,0.0,0.0,54000,1872740.0,-0.2881844380403499,34.7
HK.01928,2020-08-31 10:54:00,34.65,34.6,34.65,34.6,0.0,0.0,6400,221700.0,0.0,34.6
HK.01928,2020-08-31 10:55:00,34.65,34.6,34.65,34.6,0.0,0.0,10800,374060.0,0.0,34.6
HK.01928,2020-08-31 10:56:00,34.6,34.6,34.6,34.6,0.0,0.0,400,13840.0,0.0,34.6
HK.01928,2020-08-31 10:57:00,34.65,34.6,34.65,34.6,0.0,0.0,800,27700.0,0.0,34.6
HK.01928,2020-08-31 10:58:00,34.65,34.6,34.65,34.6,0.0,0.0,4000,138540.0,0.0,34.6
HK.01928,2020-08-31 10:59:00,34.65,34.55,34.65,34.55,0.0,0.0,85200,2947040.0,-0.14450867052024352,34.6
HK.01928,2020-08-31 11:00:00,34.55,34.55,34.6,34.55,0.0,0.0,4800,165900.0,0.0,34.55
HK.01928,2020-08-31 11:01:00,34.6,34.55,34.6,34.55,0.0,0.0,9200,317920.0,0.0,34.55
HK.01928,2020-08-31 11:02:00,34.55,34.55,34.55,34.55,0.0,0.0,0,0.0,0.0,34.55
HK.01928,2020-08-31 11:03:00,34.55,34.55,34.6,34.55,0.0,0.0,7600,262600.0,0.0,34.55
HK.01928,2020-08-31 11:04:00,34.55,34.55,34.55,34.55,0.0,0.0,1200,41460.0,0.0,34.55
HK.01928,2020-08-31 11:05:00,34.55,34.55,34.55,34.55,0.0,0.0,13600,469880.0,0.0,34.55
HK.01928,2020-08-31 11:06:00,34.55,34.55,34.55,34.55,0.0,0.0,2400,82920.0,0.0,34.55
HK.01928,2020-08-31 11:07:00,34.55,34.55,34.55,34.55,0.0,0.0,3200,110560.0,0.0,34.55
HK.01928,2020-08-31 11:08:00,34.55,34.55,34.55,34.55,0.0,0.0,4000,138200.0,0.0,34.55
HK.01928,2020-08-31 11:09:00,34.55,34.55,34.55,34.55,0.0,0.0,4400,152020.0,0.0,34.55
HK.01928,2020-08-31 11:10:00,34.55,34.5,34.55,34.5,0.0,0.0,70000,2418400.0,-0.1447178002894274,34.55
HK.01928,2020-08-31 11:11:00,34.5,34.55,34.55,34.5,0.0,0.0,82000,2832960.0,0.14492753623187582,34.5
HK.01928,2020-08-31 11:12:00,34.55,34.55,34.55,34.55,0.0,0.0,0,0.0,0.0,34.55
HK.01928,2020-08-31 11:13:00,34.6,34.65,34.65,34.6,0.0,0.0,128400,4443620.0,0.28943560057887535,34.55
HK.01928,2020-08-31 11:14:00,34.7,34.65,34.7,34.65,0.0,0.0,12000,416320.0,0.0,34.65
HK.01928,2020-08-31 11:15:00,34.65,34.65,34.65,34.65,0.0,0.0,10400,360360.0,0.0,34.65
HK.01928,2020-08-31 11:16:00,34.65,34.6,34.65,34.6,0.0,0.0,37200,1288340.0,-0.1443001443001361,34.65
HK.01928,2020-08-31 11:17:00,34.65,34.6,34.65,34.6,0.0,0.0,4000,138460.0,0.0,34.6
HK.01928,2020-08-31 11:18:00,34.6,34.7,34.7,34.6,0.0,0.0,43200,1496280.0,0.28901734104046656,34.6
HK.01928,2020-08-31 11:19:00,34.7,34.7,34.7,34.7,0.0,0.0,0,0.0,0.0,34.7
HK.01928,2020-08-31 11:20:00,34.7,34.7,34.7,34.7,0.0,0.0,0,0.0,0.0,34.7
HK.01928,2020-08-31 11:21:00,34.7,34.7,34.7,34.7,0.0,0.0,10000,347000.0,0.0,34.7
HK.01928,2020-08-31 11:22:00,34.7,34.7,34.7,34.7,0.0,0.0,0,0.0,0.0,34.7
HK.01928,2020-08-31 11:23:00,34.65,34.65,34.65,34.65,0.0,0.0,4000,138600.0,-0.14409221902018518,34.7
HK.01928,2020-08-31 11:24:00,34.65,34.65,34.65,34.65,0.0,0.0,35600,1233540.0,0.0,34.65
HK.01928,2020-08-31 11:25:00,34.65,34.6,34.65,34.6,0.0,0.0,6000,207780.0,-0.1443001443001361,34.65
HK.01928,2020-08-31 11:26:00,34.6,34.65,34.65,34.6,0.0,0.0,80800,2797720.0,0.14450867052022298,34.6
HK.01928,2020-08-31 11:27:00,34.65,34.65,34.65,34.65,0.0,0.0,0,0.0,0.0,34.65
HK.01928,2020-08-31 11:28:00,34.65,34.65,34.65,34.65,0.0,0.0,400,13860.0,0.0,34.65
HK.01928,2020-08-31 11:29:00,34.7,34.7,34.7,34.7,0.0,0.0,1200,41640.0,0.1443001443001566,34.65
HK.01928,2020-08-31 11:30:00,34.65,34.65,34.65,34.65,0.0,0.0,1200,41580.0,-0.14409221902018518,34.7
HK.01928,2020-08-31 11:31:00,34.7,34.65,34.7,34.65,0.0,0.0,104000,3608500.0,0.0,34.65
HK.01928,2020-08-31 11:32:00,34.65,34.6,34.65,34.6,0.0,0.0,34800,1205700.0,-0.1443001443001361,34.65
HK.01928,2020-08-31 11:33:00,34.6,34.6,34.6,34.6,0.0,0.0,0,0.0,0.0,34.6
HK.01928,2020-08-31 11:34:00,34.65,34.65,34.65,34.65,0.0,0.0,1600,55440.0,0.14450867052022298,34.6
HK.01928,2020-08-31 11:35:00,34.65,34.65,34.65,34.65,0.0,0.0,52800,1829520.0,0.0,34.65
HK.01928,2020-08-31 11:36:00,34.65,34.65,34.65,34.6,0.0,0.0,55600,1926400.0,0.0,34.65
HK.01928,2020-08-31 11:37:00,34.6,34.6,34.6,34.6,0.0,0.0,2000,69200.0,-0.1443001443001361,34.65
HK.01928,2020-08-31 11:38:00,34.6,34.6,34.6,34.6,0.0,0.0,0,0.0,0.0,34.6
HK.01928,2020-08-31 11:39:00,34.6,34.6,34.6,34.6,0.0,0.0,1200,41520.0,0.0,34.6
HK.01928,2020-08-31 11:40:00,34.6,34.6,34.6,34.6,0.0,0.0,10400,359840.0,0.0,34.6
HK.01928,2020-08-31 11:41:00,34.6,34.6,34.6,34.6,0.0,0.0,2400,83040.0,0.0,34.6
HK.01928,2020-08-31 11:42:00,34.6,34.6,34.6,34.55,0.0,0.0,22400,774880.0,0.0,34.6
HK.01928,2020-08-31 11:43:00,34.55,34.55,34.55,34.55,0.0,0.0,4000,138200.0,-0.14450867052024352,34.6
HK.01928,2020-08-31 11:44:00,34.6,34.55,34.6,34.55,0.0,0.0,4000,138320.0,0.0,34.55
HK.01928,2020-08-31 11:45:00,34.55,34.55,34.55,34.55,0.0,0.0,4800,165840.0,0.0,34.55
HK.01928,2020-08-31 11:46:00,34.6,34.55,34.6,34.55,0.0,0.0,3200,110580.0,0.0,34.55
HK.01928,2020-08-31 11:47:00,34.55,34.55,34.55,34.55,0.0,0.0,2400,82920.0,0.0,34.55
HK.01928,2020-08-31 11:48:00,34.6,34.75,34.75,34.6,0.0,0.0,182400,6318520.0,0.5788712011577507,34.55
HK.01928,2020-08-31 11:49:00,34.75,34.75,34.75,34.75,0.0,0.0,18800,653300.0,0.0,34.75
HK.01928,2020-08-31 11:50:00,34.75,34.8,34.8,34.75,0.0,0.0,23200,806860.0,0.14388489208632277,34.75
HK.01928,2020-08-31 11:51:00,34.8,34.8,34.8,34.8,0.0,0.0,4800,167040.0,0.0,34.8
HK.01928,2020-08-31 11:52:00,34.8,34.85,34.9,34.8,0.0,0.0,67600,2354740.0,0.1436781609195525,34.8
HK.01928,2020-08-31 11:53:00,34.9,34.9,34.9,34.9,0.0,0.0,12800,446720.0,0.1434720229555155,34.85
HK.01928,2020-08-31 11:54:00,34.9,34.9,34.95,34.85,0.0,0.0,61600,2150120.0,0.0,34.9
HK.01928,2020-08-31 11:55:00,34.9,34.9,34.9,34.9,0.0,0.0,4800,167520.0,0.0,34.9
HK.01928,2020-08-31 11:56:00,34.9,34.9,34.9,34.9,0.0,0.0,12800,446720.0,0.0,34.9
HK.01928,2020-08-31 11:57:00,34.9,34.85,34.9,34.85,0.0,0.0,7200,251100.0,-0.143266475644691,34.9
HK.01928,2020-08-31 11:58:00,34.9,34.9,34.9,34.85,0.0,0.0,18000,628140.0,0.1434720229555155,34.85
HK.01928,2020-08-31 11:59:00,34.9,34.9,34.9,34.9,0.0,0.0,2800,97720.0,0.0,34.9
HK.01928,2020-08-31 12:00:00,34.9,34.9,34.9,34.85,0.0,0.0,11600,404780.0,0.0,34.9
HK.01928,2020-08-31 13:01:00,34.9,34.9,34.9,34.85,0.0,0.0,28800,1004920.0,0.0,34.9
HK.01928,2020-08-31 13:02:00,34.9,34.85,34.9,34.85,0.0,0.0,25200,879240.0,-0.143266475644691,34.9
HK.01928,2020-08-31 13:03:00,34.9,34.85,34.9,34.85,0.0,0.0,42800,1491900.0,0.0,34.85
HK.01928,2020-08-31 13:04:00,34.85,34.9,34.9,34.85,0.0,0.0,63600,2218480.0,0.1434720229555155,34.85
HK.01928,2020-08-31 13:05:00,34.9,34.95,34.95,34.9,0.0,0.0,7600,265480.0,0.14326647564471137,34.9
HK.01928,2020-08-31 13:06:00,34.9,34.9,34.9,34.9,0.0,0.0,1600,55840.0,-0.1430615164520866,34.95
HK.01928,2020-08-31 13:07:00,34.9,34.9,34.9,34.9,0.0,0.0,76800,2680320.0,0.0,34.9
HK.01928,2020-08-31 13:08:00,34.9,34.95,34.95,34.9,0.0,0.0,24000,838140.0,0.14326647564471137,34.9
HK.01928,2020-08-31 13:09:00,34.95,34.9,35.0,34.9,0.0,0.0,21600,755420.0,-0.1430615164520866,34.95
HK.01928,2020-08-31 13:10:00,34.9,34.9,34.9,34.9,0.0,0.0,73600,2568640.0,0.0,34.9
HK.01928,2020-08-31 13:11:00,34.95,34.95,34.95,34.95,0.0,0.0,2800,97860.0,0.14326647564471137,34.9
HK.01928,2020-08-31 13:12:00,34.95,34.95,34.95,34.95,0.0,0.0,8000,279600.0,0.0,34.95
HK.01928,2020-08-31 13:13:00,34.95,34.95,34.95,34.95,0.0,0.0,6400,223680.0,0.0,34.95
HK.01928,2020-08-31 13:14:00,34.9,34.9,34.95,34.9,0.0,0.0,8000,279460.0,-0.1430615164520866,34.95
HK.01928,2020-08-31 13:15:00,34.95,34.95,34.95,34.95,0.0,0.0,5200,181740.0,0.14326647564471137,34.9
HK.01928,2020-08-31 13:16:00,34.95,34.85,34.95,34.85,0.0,0.0,215600,7522440.0,-0.2861230329041528,34.95
HK.01928,2020-08-31 13:17:00,34.9,34.85,34.9,34.85,0.0,0.0,90000,3136640.0,0.0,34.85
HK.01928,2020-08-31 13:18:00,34.8,34.9,35.0,34.8,0.0,0.0,278000,9704680.0,0.1434720229555155,34.85
HK.01928,2020-08-31 13:19:00,34.9,34.9,34.9,34.9,0.0,0.0,32000,1116800.0,0.0,34.9
HK.01928,2020-08-31 13:20:00,34.9,34.95,34.95,34.9,0.0,0.0,64800,2262440.0,0.14326647564471137,34.9
HK.01928,2020-08-31 13:21:00,34.95,34.95,34.95,34.95,0.0,0.0,1600,55920.0,0.0,34.95
HK.01928,2020-08-31 13:22:00,34.95,34.95,34.95,34.95,0.0,0.0,0,0.0,0.0,34.95
HK.01928,2020-08-31 13:23:00,34.95,34.95,35.0,34.95,0.0,0.0,62000,2167280.0,0.0,34.95
HK.01928,2020-08-31 13:24:00,34.95,35.0,35.0,34.95,0.0,0.0,62400,2183980.0,0.14306151645206625,34.95
HK.01928,2020-08-31 13:25:00,34.95,34.95,34.95,34.95,0.0,0.0,17600,615120.0,-0.14285714285713474,35.0
HK.01928,2020-08-31 13:26:00,34.95,34.95,34.95,34.95,0.0,0.0,6000,209700.0,0.0,34.95
HK.01928,2020-08-31 13:27:00,34.95,34.95,34.95,34.95,0.0,0.0,40000,1398000.0,0.0,34.95
HK.01928,2020-08-31 13:28:00,34.95,34.95,34.95,34.95,0.0,0.0,15200,531240.0,0.0,34.95
HK.01928,2020-08-31 13:29:00,34.95,34.9,34.95,34.9,0.0,0.0,2400,83860.0,-0.1430615164520866,34.95
HK.01928,2020-08-31 13:30:00,34.95,34.9,34.95,34.9,0.0,0.0,48400,1690520.0,0.0,34.9
HK.01928,2020-08-31 13:31:00,34.95,34.95,34.95,34.9,0.0,0.0,54400,1901220.0,0.14326647564471137,34.9
HK.01928,2020-08-31 13:32:00,34.95,34.95,34.95,34.95,0.0,0.0,64000,2236800.0,0.0,34.95
HK.01928,2020-08-31 13:33:00,34.9,34.95,34.95,34.9,0.0,0.0,50400,1758980.0,0.0,34.95
HK.01928,2020-08-31 13:34:00,34.95,34.95,34.95,34.95,0.0,0.0,0,0.0,0.0,34.95
HK.01928,2020-08-31 13:35:00,34.95,34.95,34.95,34.95,0.0,0.0,0,0.0,0.0,34.95
HK.01928,2020-08-31 13:36:00,34.9,34.9,34.9,34.9,0.0,0.0,2000,69800.0,-0.1430615164520866,34.95
HK.01928,2020-08-31 13:37:00,34.9,34.9,34.9,34.9,0.0,0.0,168400,5877160.0,0.0,34.9
HK.01928,2020-08-31 13:38:00,34.9,34.9,34.9,34.9,0.0,0.0,13200,460680.0,0.0,34.9
HK.01928,2020-08-31 13:39:00,34.95,34.9,34.95,34.9,0.0,0.0,48800,1705220.0,0.0,34.9
HK.01928,2020-08-31 13:40:00,34.9,34.9,34.9,34.9,0.0,0.0,1200,41880.0,0.0,34.9
HK.01928,2020-08-31 13:41:00,34.9,34.9,34.9,34.9,0.0,0.0,42400,1479760.0,0.0,34.9
HK.01928,2020-08-31 13:42:00,34.85,34.9,34.9,34.85,0.0,0.0,50400,1758800.0,0.0,34.9
HK.01928,2020-08-31 13:43:00,34.9,34.9,34.9,34.9,0.0,0.0,104000,3629600.0,0.0,34.9
HK.01928,2020-08-31 13:44:00,34.9,34.85,34.9,34.85,0.0,0.0,2000,69720.0,-0.143266475644691,34.9
HK.01928,2020-08-31 13:45:00,34.85,34.85,34.85,34.85,0.0,0.0,0,0.0,0.0,34.85
HK.01928,2020-08-31 13:46:00,34.85,34.85,34.85,34.85,0.0,0.0,0,0.0,0.0,34.85
HK.01928,2020-08-31 13:47:00,34.85,34.85,34.85,34.85,0.0,0.0,1600,55760.0,0.0,34.85
HK.01928,2020-08-31 13:48:00,34.9,34.95,34.95,34.9,0.0,0.0,82800,2891200.0,0.2869440459110514,34.85
HK.01928,2020-08-31 13:49:00,34.95,34.95,34.95,34.95,0.0,0.0,90800,3173460.0,0.0,34.95
HK.01928,2020-08-31 13:50:00,34.95,35.0,35.0,34.95,0.0,0.0,58800,2055080.0,0.14306151645206625,34.95
HK.01928,2020-08-31 13:51:00,34.95,34.95,34.95,34.95,0.0,0.0,1600,55920.0,-0.14285714285713474,35.0
HK.01928,2020-08-31 13:52:00,34.95,34.95,34.95,34.95,0.0,0.0,55600,1943220.0,0.0,34.95
HK.01928,2020-08-31 13:53:00,34.9,34.9,34.9,34.9,0.0,0.0,1200,41880.0,-0.1430615164520866,34.95
HK.01928,2020-08-31 13:54:00,34.9,34.9,34.9,34.9,0.0,0.0,0,0.0,0.0,34.9
HK.01928,2020-08-31 13:55:00,34.9,34.95,34.95,34.9,0.0,0.0,14800,517060.0,0.14326647564471137,34.9
HK.01928,2020-08-31 13:56:00,34.95,34.95,34.95,34.9,0.0,0.0,12000,419360.0,0.0,34.95
HK.01928,2020-08-31 13:57:00,34.9,34.95,34.95,34.9,0.0,0.0,1600,55860.0,0.0,34.95
HK.01928,2020-08-31 13:58:00,34.9,34.9,34.9,34.9,0.0,0.0,12800,446720.0,-0.1430615164520866,34.95
HK.01928,2020-08-31 13:59:00,34.9,34.9,34.9,34.9,0.0,0.0,2400,83760.0,0.0,34.9
HK.01928,2020-08-31 14:00:00,34.95,34.9,34.95,34.9,0.0,0.0,2400,83820.0,0.0,34.9
HK.01928,2020-08-31 14:01:00,34.9,34.9,34.9,34.9,0.0,0.0,23200,809680.0,0.0,34.9
HK.01928,2020-08-31 14:02:00,34.85,34.85,34.85,34.85,0.0,0.0,3600,125460.0,-0.143266475644691,34.9
HK.01928,2020-08-31 14:03:00,34.85,34.85,34.85,34.85,0.0,0.0,10400,362440.0,0.0,34.85
HK.01928,2020-08-31 14:04:00,34.85,34.85,34.9,34.85,0.0,0.0,4000,139480.0,0.0,34.85
HK.01928,2020-08-31 14:05:00,34.85,34.85,34.85,34.8,0.0,0.0,295200,10286240.0,0.0,34.85
HK.01928,2020-08-31 14:06:00,34.75,34.8,34.85,34.75,0.0,0.0,25200,876860.0,-0.1434720229555359,34.85
HK.01928,2020-08-31 14:07:00,34.8,34.8,34.8,34.8,0.0,0.0,4800,167040.0,0.0,34.8
HK.01928,2020-08-31 14:08:00,34.8,34.75,34.8,34.75,0.0,0.0,70000,2435940.0,-0.14367816091953206,34.8
HK.01928,2020-08-31 14:09:00,34.8,34.75,34.8,34.75,0.0,0.0,239200,8313660.0,0.0,34.75
HK.01928,2020-08-31 14:10:00,34.8,34.85,34.85,34.8,0.0,0.0,70400,2449940.0,0.28776978417266597,34.75
HK.01928,2020-08-31 14:11:00,34.8,34.75,34.8,34.75,0.0,0.0,151200,5261660.0,-0.2869440459110514,34.85
HK.01928,2020-08-31 14:12:00,34.8,34.8,34.8,34.8,0.0,0.0,1600,55680.0,0.14388489208632277,34.75
HK.01928,2020-08-31 14:13:00,34.75,34.75,34.75,34.75,0.0,0.0,400,13900.0,-0.14367816091953206,34.8
HK.01928,2020-08-31 14:14:00,34.75,34.75,34.75,34.75,0.0,0.0,15200,528200.0,0.0,34.75
HK.01928,2020-08-31 14:15:00,34.7,34.65,34.7,34.65,0.0,0.0,41200,1429600.0,-0.28776978417266597,34.75
HK.01928,2020-08-31 14:16:00,34.65,34.65,34.65,34.65,0.0,0.0,15200,526680.0,0.0,34.65
HK.01928,2020-08-31 14:17:00,34.65,34.6,34.65,34.6,0.0,0.0,7200,249340.0,-0.1443001443001361,34.65
HK.01928,2020-08-31 14:18:00,34.65,34.6,34.65,34.6,0.0,0.0,7200,249280.0,0.0,34.6
HK.01928,2020-08-31 14:19:00,34.6,34.6,34.6,34.6,0.0,0.0,11200,387520.0,0.0,34.6
HK.01928,2020-08-31 14:20:00,34.6,34.6,34.6,34.6,0.0,0.0,18400,636640.0,0.0,34.6
HK.01928,2020-08-31 14:21:00,34.55,34.55,34.55,34.55,0.0,0.0,82400,2846920.0,-0.14450867052024352,34.6
HK.01928,2020-08-31 14:22:00,34.55,34.55,34.55,34.55,0.0,0.0,400,13820.0,0.0,34.55
HK.01928,2020-08-31 14:23:00,34.55,34.55,34.55,34.5,0.0,0.0,5600,193380.0,0.0,34.55
HK.01928,2020-08-31 14:24:00,34.55,34.5,34.55,34.5,0.0,0.0,10400,358820.0,-0.1447178002894274,34.55
HK.01928,2020-08-31 14:25:00,34.5,34.5,34.5,34.5,0.0,0.0,5600,193200.0,0.0,34.5
HK.01928,2020-08-31 14:26:00,34.5,34.55,34.55,34.5,0.0,0.0,12400,428000.0,0.14492753623187582,34.5
HK.01928,2020-08-31 14:27:00,34.5,34.55,34.6,34.5,0.0,0.0,142000,4906120.0,0.0,34.55
HK.01928,2020-08-31 14:28:00,34.55,34.55,34.55,34.55,0.0,0.0,800,27640.0,0.0,34.55
HK.01928,2020-08-31 14:29:00,34.55,34.55,34.55,34.55,0.0,0.0,0,0.0,0.0,34.55
HK.01928,2020-08-31 14:30:00,34.55,34.6,34.6,34.55,0.0,0.0,8800,304460.0,0.14471780028944795,34.55
HK.01928,2020-08-31 14:31:00,34.55,34.55,34.55,34.55,0.0,0.0,2400,82920.0,-0.14450867052024352,34.6
HK.01928,2020-08-31 14:32:00,34.55,34.5,34.55,34.5,0.0,0.0,70000,2418380.0,-0.1447178002894274,34.55
HK.01928,2020-08-31 14:33:00,34.5,34.5,34.5,34.5,0.0,0.0,0,0.0,0.0,34.5
HK.01928,2020-08-31 14:34:00,34.5,34.5,34.5,34.5,0.0,0.0,1200,41400.0,0.0,34.5
HK.01928,2020-08-31 14:35:00,34.5,34.5,34.5,34.5,0.0,0.0,2400,82800.0,0.0,34.5
HK.01928,2020-08-31 14:36:00,34.5,34.5,34.5,34.5,0.0,0.0,2400,82800.0,0.0,34.5
HK.01928,2020-08-31 14:37:00,34.5,34.5,34.5,34.5,0.0,0.0,800,27600.0,0.0,34.5
HK.01928,2020-08-31 14:38:00,34.5,34.5,34.55,34.5,0.0,0.0,4800,165640.0,0.0,34.5
HK.01928,2020-08-31 14:39:00,34.5,34.55,34.55,34.5,0.0,0.0,9200,317760.0,0.14492753623187582,34.5
HK.01928,2020-08-31 14:40:00,34.5,34.45,34.5,34.45,0.0,0.0,50800,1752480.0,-0.2894356005788548,34.55
HK.01928,2020-08-31 14:41:00,34.5,34.45,34.5,34.45,0.0,0.0,4400,151680.0,0.0,34.45
HK.01928,2020-08-31 14:42:00,34.45,34.45,34.45,34.45,0.0,0.0,3200,110240.0,0.0,34.45
HK.01928,2020-08-31 14:43:00,34.45,34.45,34.45,34.45,0.0,0.0,2000,68900.0,0.0,34.45
HK.01928,2020-08-31 14:44:00,34.45,34.45,34.45,34.45,0.0,0.0,2800,96460.0,0.0,34.45
HK.01928,2020-08-31 14:45:00,34.45,34.5,34.5,34.45,0.0,0.0,4800,165440.0,0.14513788098692934,34.45
HK.01928,2020-08-31 14:46:00,34.45,34.45,34.45,34.45,0.0,0.0,22800,785460.0,-0.14492753623187582,34.5
HK.01928,2020-08-31 14:47:00,34.45,34.45,34.45,34.45,0.0,0.0,43200,1488240.0,0.0,34.45
HK.01928,2020-08-31 14:48:00,34.4,34.4,34.4,34.4,0.0,0.0,2400,82560.0,-0.14513788098694996,34.45
HK.01928,2020-08-31 14:49:00,34.4,34.4,34.4,34.4,0.0,0.0,8800,302720.0,0.0,34.4
HK.01928,2020-08-31 14:50:00,34.4,34.4,34.4,34.4,0.0,0.0,800,27520.0,0.0,34.4
HK.01928,2020-08-31 14:51:00,34.4,34.4,34.4,34.4,0.0,0.0,24000,825600.0,0.0,34.4
HK.01928,2020-08-31 14:52:00,34.4,34.4,34.45,34.35,0.0,0.0,37200,1279680.0,0.0,34.4
HK.01928,2020-08-31 14:53:00,34.45,34.35,34.45,34.35,0.0,0.0,7200,247660.0,-0.14534883720929406,34.4
HK.01928,2020-08-31 14:54:00,34.35,34.35,34.35,34.35,0.0,0.0,11200,384720.0,0.0,34.35
HK.01928,2020-08-31 14:55:00,34.35,34.35,34.35,34.35,0.0,0.0,2400,82440.0,0.0,34.35
HK.01928,2020-08-31 14:56:00,34.35,34.3,34.4,34.3,0.0,0.0,163600,5612120.0,-0.14556040756915362,34.35
HK.01928,2020-08-31 14:57:00,34.3,34.3,34.3,34.3,0.0,0.0,0,0.0,0.0,34.3
HK.01928,2020-08-31 14:58:00,34.3,34.3,34.3,34.3,0.0,0.0,27600,946680.0,0.0,34.3
HK.01928,2020-08-31 14:59:00,34.3,34.3,34.3,34.3,0.0,0.0,2400,82320.0,0.0,34.3
HK.01928,2020-08-31 15:00:00,34.3,34.35,34.35,34.3,0.0,0.0,8000,274500.0,0.14577259475219903,34.3
HK.01928,2020-08-31 15:01:00,34.3,34.3,34.3,34.3,0.0,0.0,2800,96040.0,-0.14556040756915362,34.35
HK.01928,2020-08-31 15:02:00,34.3,34.3,34.35,34.3,0.0,0.0,14800,507660.0,0.0,34.3
HK.01928,2020-08-31 15:03:00,34.3,34.3,34.3,34.3,0.0,0.0,16800,576240.0,0.0,34.3
HK.01928,2020-08-31 15:04:00,34.3,34.3,34.3,34.3,0.0,0.0,4000,137200.0,0.0,34.3
HK.01928,2020-08-31 15:05:00,34.3,34.3,34.35,34.3,0.0,0.0,70000,2401760.0,0.0,34.3
HK.01928,2020-08-31 15:06:00,34.3,34.3,34.35,34.3,0.0,0.0,4000,137240.0,0.0,34.3
HK.01928,2020-08-31 15:07:00,34.3,34.35,34.35,34.3,0.0,0.0,20000,686660.0,0.14577259475219903,34.3
HK.01928,2020-08-31 15:08:00,34.3,34.55,34.55,34.3,0.0,0.0,312800,10753640.0,0.5822416302765523,34.35
HK.01928,2020-08-31 15:09:00,34.5,34.45,34.5,34.45,0.0,0.0,93600,3228860.0,-0.2894356005788548,34.55
HK.01928,2020-08-31 15:10:00,34.45,34.45,34.45,34.45,0.0,0.0,6800,234260.0,0.0,34.45
HK.01928,2020-08-31 15:11:00,34.5,34.45,34.5,34.4,0.0,0.0,7600,262000.0,0.0,34.45
HK.01928,2020-08-31 15:12:00,34.5,34.45,34.5,34.45,0.0,0.0,4000,137900.0,0.0,34.45
HK.01928,2020-08-31 15:13:00,34.5,34.5,34.5,34.45,0.0,0.0,7200,248300.0,0.14513788098692934,34.45
HK.01928,2020-08-31 15:14:00,34.5,34.45,34.5,34.45,0.0,0.0,5200,179280.0,-0.14492753623187582,34.5
HK.01928,2020-08-31 15:15:00,34.5,34.4,34.5,34.4,0.0,0.0,12000,413800.0,-0.14513788098694996,34.45
HK.01928,2020-08-31 15:16:00,34.4,34.4,34.4,34.4,0.0,0.0,1600,55040.0,0.0,34.4
HK.01928,2020-08-31 15:17:00,34.4,34.4,34.4,34.4,0.0,0.0,27200,935680.0,0.0,34.4
HK.01928,2020-08-31 15:18:00,34.4,34.4,34.4,34.35,0.0,0.0,54400,1870000.0,0.0,34.4
HK.01928,2020-08-31 15:19:00,34.35,34.35,34.35,34.35,0.0,0.0,2000,68700.0,-0.14534883720929406,34.4
HK.01928,2020-08-31 15:20:00,34.4,34.35,34.4,34.35,0.0,0.0,23600,811740.0,0.0,34.35
HK.01928,2020-08-31 15:21:00,34.4,34.35,34.4,34.35,0.0,0.0,57200,1964860.0,0.0,34.35
HK.01928,2020-08-31 15:22:00,34.35,34.35,34.35,34.35,0.0,0.0,48800,1676280.0,0.0,34.35
HK.01928,2020-08-31 15:23:00,34.4,34.35,34.4,34.35,0.0,0.0,2400,82460.0,0.0,34.35
HK.01928,2020-08-31 15:24:00,34.35,34.35,34.35,34.35,0.0,0.0,10400,357240.0,0.0,34.35
HK.01928,2020-08-31 15:25:00,34.35,34.35,34.4,34.35,0.0,0.0,46800,1607600.0,0.0,34.35
HK.01928,2020-08-31 15:26:00,34.3,34.3,34.3,34.3,0.0,0.0,2400,82320.0,-0.14556040756915362,34.35
HK.01928,2020-08-31 15:27:00,34.3,34.3,34.3,34.3,0.0,0.0,22800,782040.0,0.0,34.3
HK.01928,2020-08-31 15:28:00,34.3,34.3,34.35,34.3,0.0,0.0,7200,247000.0,0.0,34.3
HK.01928,2020-08-31 15:29:00,34.3,34.3,34.3,34.3,0.0,0.0,6000,205800.0,0.0,34.3
HK.01928,2020-08-31 15:30:00,34.35,34.35,34.35,34.3,0.0,0.0,7200,247160.0,0.14577259475219903,34.3
HK.01928,2020-08-31 15:31:00,34.35,34.3,34.35,34.3,0.0,0.0,17600,604300.0,-0.14556040756915362,34.35
HK.01928,2020-08-31 15:32:00,34.3,34.3,34.3,34.3,0.0,0.0,4000,137200.0,0.0,34.3
HK.01928,2020-08-31 15:33:00,34.3,34.3,34.35,34.3,0.0,0.0,9200,315620.0,0.0,34.3
HK.01928,2020-08-31 15:34:00,34.3,34.3,34.35,34.3,0.0,0.0,9200,315620.0,0.0,34.3
HK.01928,2020-08-31 15:35:00,34.3,34.3,34.3,34.3,0.0,0.0,5200,178360.0,0.0,34.3
HK.01928,2020-08-31 15:36:00,34.3,34.25,34.35,34.2,0.0,0.0,169600,5814080.0,-0.14577259475217832,34.3
HK.01928,2020-08-31 15:37:00,34.25,34.25,34.25,34.25,0.0,0.0,6400,219200.0,0.0,34.25
HK.01928,2020-08-31 15:38:00,34.3,34.25,34.3,34.25,0.0,0.0,4800,164480.0,0.0,34.25
HK.01928,2020-08-31 15:39:00,34.25,34.25,34.25,34.25,0.0,0.0,4000,137000.0,0.0,34.25
HK.01928,2020-08-31 15:40:00,34.25,34.25,34.25,34.25,0.0,0.0,32000,1096000.0,0.0,34.25
HK.01928,2020-08-31 15:41:00,34.2,34.25,34.25,34.2,0.0,0.0,11200,383480.0,0.0,34.25
HK.01928,2020-08-31 15:42:00,34.2,34.2,34.2,34.2,0.0,0.0,5600,191520.0,-0.14598540145984573,34.25
HK.01928,2020-08-31 15:43:00,34.2,34.2,34.2,34.2,0.0,0.0,3600,123120.0,0.0,34.2
HK.01928,2020-08-31 15:44:00,34.25,34.25,34.25,34.2,0.0,0.0,16800,575220.0,0.14619883040934842,34.2
HK.01928,2020-08-31 15:45:00,34.2,34.2,34.2,34.2,0.0,0.0,6800,232560.0,-0.14598540145984573,34.25
HK.01928,2020-08-31 15:46:00,34.2,34.2,34.2,34.2,0.0,0.0,95200,3255840.0,0.0,34.2
HK.01928,2020-08-31 15:47:00,34.2,34.2,34.25,34.2,0.0,0.0,44000,1505320.0,0.0,34.2
HK.01928,2020-08-31 15:48:00,34.2,34.2,34.2,34.15,0.0,0.0,169200,5781180.0,0.0,34.2
HK.01928,2020-08-31 15:49:00,34.2,34.2,34.2,34.2,0.0,0.0,98800,3378960.0,0.0,34.2
HK.01928,2020-08-31 15:50:00,34.2,34.2,34.2,34.2,0.0,0.0,800,27360.0,0.0,34.2
HK.01928,2020-08-31 15:51:00,34.2,34.3,34.3,34.2,0.0,0.0,59600,2041520.0,0.29239766081869684,34.2
HK.01928,2020-08-31 15:52:00,34.3,34.4,34.4,34.3,0.0,0.0,67200,2308980.0,0.29154518950437736,34.3
HK.01928,2020-08-31 15:53:00,34.35,34.35,34.4,34.35,0.0,0.0,84800,2913040.0,-0.14534883720929406,34.4
HK.01928,2020-08-31 15:54:00,34.35,34.35,34.4,34.35,0.0,0.0,89600,3078000.0,0.0,34.35
HK.01928,2020-08-31 15:55:00,34.3,34.4,34.4,34.3,0.0,0.0,3200,110000.0,0.1455604075691329,34.35
HK.01928,2020-08-31 15:56:00,34.35,34.4,34.4,34.35,0.0,0.0,22400,769780.0,0.0,34.4
HK.01928,2020-08-31 15:57:00,34.35,34.4,34.4,34.35,0.0,0.0,24400,839280.0,0.0,34.4
HK.01928,2020-08-31 15:58:00,34.35,34.3,34.4,34.3,0.0,0.0,92400,3173960.0,-0.29069767441860883,34.4
HK.01928,2020-08-31 15:59:00,34.3,34.2,34.3,34.2,0.0,0.0,162400,5563920.0,-0.29154518950435665,34.3
HK.01928,2020-08-31 16:00:00,34.2,34.2,34.25,34.2,0.0,0.0,3638800,124448140.0,0.0,34.2
