code,time_key,open,close,high,low,pe_ratio,turnover_rate,volume,turnover,change_rate,last_close
HK.02382,2019-01-10 09:30:00,61.678,61.678,61.678,61.678,0.0,0.0,81100,5121465.0,0.0,62.078
HK.02382,2019-01-10 09:31:00,61.678,62.178,62.828,61.678,0.0,0.0,143000,9141370.0,0.8106618243133695,61.678
HK.02382,2019-01-10 09:32:00,62.278,62.228,62.378,61.878,0.0,0.0,109000,6931520.0,0.08041429444498739,62.178
HK.02382,2019-01-10 09:33:00,62.178,62.728,62.728,62.178,0.0,0.0,73900,4721730.0,0.8034968181526001,62.228
HK.02382,2019-01-10 09:34:00,62.678,62.928,63.028,62.678,0.0,0.0,99500,6404815.0,0.3188368830506245,62.728
HK.02382,2019-01-10 09:35:00,62.928,63.328,63.328,62.928,0.0,0.0,82100,5308755.0,0.6356470887363426,62.928
HK.02382,2019-01-10 09:36:00,63.278,63.078,63.378,63.028,0.0,0.0,32400,2096020.0,-0.3947700859019707,63.328
HK.02382,2019-01-10 09:37:00,63.028,62.878,63.078,62.878,0.0,0.0,33700,2172875.0,-0.3170677573797565,63.078
HK.02382,2019-01-10 09:38:00,62.828,63.328,63.378,62.778,0.0,0.0,104800,6762800.0,0.7156716180540139,62.878
HK.02382,2019-01-10 09:39:00,63.328,63.428,63.528,63.228,0.0,0.0,65600,4253670.0,0.1579080343607793,63.328
HK.02382,2019-01-10 09:40:00,63.478,63.528,63.628,63.078,0.0,0.0,136400,8842180.0,0.15765907800971404,63.428
HK.02382,2019-01-10 09:41:00,63.528,63.878,64.028,63.478,0.0,0.0,82600,5395115.0,0.5509381689963503,63.528
HK.02382,2019-01-10 09:42:00,63.928,64.328,64.428,63.828,0.0,0.0,78200,5128345.0,0.704467891918975,63.878
HK.02382,2019-01-10 09:43:00,64.228,64.228,64.478,64.128,0.0,0.0,50600,3327635.0,-0.15545330182814407,64.328
HK.02382,2019-01-10 09:44:00,64.328,64.228,64.428,64.178,0.0,0.0,50500,3322515.0,0.0,64.228
HK.02382,2019-01-10 09:45:00,64.278,64.178,64.278,63.728,0.0,0.0,43700,2867355.0,-0.07784766768387177,64.228
HK.02382,2019-01-10 09:46:00,64.178,63.928,64.178,63.928,0.0,0.0,37800,2475970.0,-0.38954158745987727,64.178
HK.02382,2019-01-10 09:47:00,63.928,63.878,63.928,63.328,0.0,0.0,101500,6612280.0,-0.07821298961331054,63.928
HK.02382,2019-01-10 09:48:00,63.878,63.878,63.928,63.728,0.0,0.0,50200,3278240.0,0.0,63.878
HK.02382,2019-01-10 09:49:00,63.828,64.028,64.028,63.778,0.0,0.0,49300,3223600.0,0.23482263063966574,63.878
HK.02382,2019-01-10 09:50:00,64.028,64.128,64.128,63.928,0.0,0.0,39800,2606185.0,0.15618167051913898,64.028
HK.02382,2019-01-10 09:51:00,64.128,64.078,64.228,63.978,0.0,0.0,72100,4729820.0,-0.07796906187624307,64.128
HK.02382,2019-01-10 09:52:00,64.128,64.378,64.378,64.128,0.0,0.0,37800,2485115.0,0.4681794063485083,64.078
HK.02382,2019-01-10 09:53:00,64.378,64.328,64.428,64.228,0.0,0.0,36000,2369790.0,-0.07766628351299693,64.378
HK.02382,2019-01-10 09:54:00,64.378,64.278,64.428,64.278,0.0,0.0,14900,980555.0,-0.077726650914061,64.328
HK.02382,2019-01-10 09:55:00,64.228,64.278,64.428,64.228,0.0,0.0,31000,2039980.0,0.0,64.278
HK.02382,2019-01-10 09:56:00,64.328,64.178,64.428,64.078,0.0,0.0,69700,4582945.0,-0.1555742244625043,64.278
HK.02382,2019-01-10 09:57:00,64.178,64.278,64.278,64.028,0.0,0.0,66500,4364390.0,0.15581663498396417,64.178
HK.02382,2019-01-10 09:58:00,64.278,64.328,64.528,64.278,0.0,0.0,91300,6018020.0,0.0777871122312411,64.278
HK.02382,2019-01-10 09:59:00,64.278,64.328,64.378,64.228,0.0,0.0,13800,907805.0,0.0,64.328
HK.02382,2019-01-10 10:00:00,64.328,64.278,64.328,64.178,0.0,0.0,31200,2050790.0,-0.077726650914061,64.328
HK.02382,2019-01-10 10:01:00,64.278,64.528,64.528,64.278,0.0,0.0,95800,6313465.0,0.38893556115622757,64.278
HK.02382,2019-01-10 10:02:00,64.478,64.628,64.678,64.428,0.0,0.0,104100,6871340.0,0.1549714852467058,64.528
HK.02382,2019-01-10 10:03:00,64.628,64.428,64.628,64.378,0.0,0.0,58900,3887770.0,-0.3094633904809105,64.628
HK.02382,2019-01-10 10:04:00,64.428,64.278,64.428,64.278,0.0,0.0,31900,2100725.0,-0.23281802942818572,64.428
HK.02382,2019-01-10 10:05:00,64.278,64.328,64.478,64.278,0.0,0.0,62200,4094735.0,0.0777871122312411,64.278
HK.02382,2019-01-10 10:06:00,64.328,64.378,64.378,64.278,0.0,0.0,34700,2283355.0,0.077726650914061,64.328
HK.02382,2019-01-10 10:07:00,64.328,64.328,64.328,64.278,0.0,0.0,10000,657960.0,-0.07766628351299693,64.378
HK.02382,2019-01-10 10:08:00,64.378,64.528,64.628,64.378,0.0,0.0,82300,5429720.0,0.31090660365626605,64.328
HK.02382,2019-01-10 10:09:00,64.478,64.428,64.478,64.428,0.0,0.0,4900,323040.0,-0.1549714852467278,64.528
HK.02382,2019-01-10 10:10:00,64.428,64.228,64.428,64.178,0.0,0.0,26100,1717535.0,-0.310424039237603,64.428
HK.02382,2019-01-10 10:11:00,64.228,63.978,64.228,63.978,0.0,0.0,31700,2078900.0,-0.3892383384193699,64.228
HK.02382,2019-01-10 10:12:00,63.978,63.878,63.978,63.828,0.0,0.0,12000,784335.0,-0.15630372940698586,63.978
HK.02382,2019-01-10 10:13:00,63.928,63.678,63.928,63.678,0.0,0.0,17800,1162050.0,-0.31309684085288025,63.878
HK.02382,2019-01-10 10:14:00,63.628,63.528,63.628,63.528,0.0,0.0,9600,624815.0,-0.2355601620653893,63.678
HK.02382,2019-01-10 10:15:00,63.528,63.478,63.578,63.478,0.0,0.0,47600,3093420.0,-0.07870545271375953,63.528
HK.02382,2019-01-10 10:16:00,63.478,63.628,63.628,63.478,0.0,0.0,18500,1202300.0,0.2363023409685223,63.478
HK.02382,2019-01-10 10:17:00,63.628,63.628,63.678,63.578,0.0,0.0,16100,1048260.0,0.0,63.628
HK.02382,2019-01-10 10:18:00,63.628,63.678,63.728,63.628,0.0,0.0,6000,390930.0,0.07858175645941591,63.628
HK.02382,2019-01-10 10:19:00,63.628,63.628,63.678,63.628,0.0,0.0,9600,624970.0,-0.0785200540217927,63.678
HK.02382,2019-01-10 10:20:00,63.628,63.678,63.678,63.628,0.0,0.0,10600,690465.0,0.07858175645941591,63.628
HK.02382,2019-01-10 10:21:00,63.678,63.678,63.728,63.678,0.0,0.0,15500,1009940.0,0.0,63.678
HK.02382,2019-01-10 10:22:00,63.728,63.828,63.878,63.728,0.0,0.0,37200,2427215.0,0.23556016206540045,63.678
HK.02382,2019-01-10 10:23:00,63.828,63.828,63.828,63.778,0.0,0.0,10100,659170.0,0.0,63.828
HK.02382,2019-01-10 10:24:00,63.828,63.678,63.828,63.628,0.0,0.0,13900,905835.0,-0.23500658018425405,63.828
HK.02382,2019-01-10 10:25:00,63.728,63.778,63.778,63.678,0.0,0.0,5900,384700.0,0.15704010804359658,63.678
HK.02382,2019-01-10 10:26:00,63.678,63.678,63.678,63.628,0.0,0.0,9400,612250.0,-0.15679387876697518,63.778
HK.02382,2019-01-10 10:27:00,63.678,63.528,63.678,63.378,0.0,0.0,50800,3302320.0,-0.2355601620653893,63.678
HK.02382,2019-01-10 10:28:00,63.528,63.678,63.778,63.528,0.0,0.0,12500,813705.0,0.23611635814128978,63.528
HK.02382,2019-01-10 10:29:00,63.728,63.728,63.778,63.628,0.0,0.0,19300,1257905.0,0.07852005402180386,63.678
HK.02382,2019-01-10 10:30:00,63.678,63.478,63.678,63.478,0.0,0.0,14400,936300.0,-0.3922922420286216,63.728
HK.02382,2019-01-10 10:31:00,63.428,63.328,63.428,63.328,0.0,0.0,21200,1374255.0,-0.2363023409685223,63.478
HK.02382,2019-01-10 10:32:00,63.278,63.278,63.278,63.028,0.0,0.0,70200,4536670.0,-0.07895401718040086,63.328
HK.02382,2019-01-10 10:33:00,63.328,63.428,63.428,63.228,0.0,0.0,42400,2745485.0,0.2370492114162878,63.278
HK.02382,2019-01-10 10:34:00,63.378,63.328,63.428,63.328,0.0,0.0,16300,1056675.0,-0.15765907800970286,63.428
HK.02382,2019-01-10 10:35:00,63.378,63.578,63.578,63.378,0.0,0.0,15000,974130.0,0.3947700859019707,63.328
HK.02382,2019-01-10 10:36:00,63.578,63.428,63.578,63.428,0.0,0.0,16700,1084950.0,-0.23593066784108602,63.578
HK.02382,2019-01-10 10:37:00,63.428,63.378,63.478,63.328,0.0,0.0,19600,1271105.0,-0.07882953900485143,63.428
HK.02382,2019-01-10 10:38:00,63.378,63.328,63.378,63.278,0.0,0.0,19400,1257255.0,-0.07889172899112809,63.378
HK.02382,2019-01-10 10:39:00,63.328,63.478,63.478,63.328,0.0,0.0,25000,1620865.0,0.23686205154118015,63.328
HK.02382,2019-01-10 10:40:00,63.478,63.528,63.528,63.428,0.0,0.0,7800,506790.0,0.07876744698950369,63.478
HK.02382,2019-01-10 10:41:00,63.478,63.478,63.528,63.478,0.0,0.0,8500,552100.0,-0.07870545271375953,63.528
HK.02382,2019-01-10 10:42:00,63.428,63.678,63.728,63.428,0.0,0.0,43300,2815085.0,0.315069787958026,63.478
HK.02382,2019-01-10 10:43:00,63.728,63.728,63.728,63.678,0.0,0.0,2200,143415.0,0.07852005402180386,63.678
HK.02382,2019-01-10 10:44:00,63.678,63.728,63.728,63.678,0.0,0.0,8900,580240.0,0.0,63.728
HK.02382,2019-01-10 10:45:00,63.728,63.628,63.728,63.628,0.0,0.0,8300,540600.0,-0.15691689681145088,63.728
HK.02382,2019-01-10 10:46:00,63.628,63.628,63.628,63.628,0.0,0.0,4800,312480.0,0.0,63.628
HK.02382,2019-01-10 10:47:00,63.628,63.578,63.628,63.578,0.0,0.0,1400,91085.0,-0.07858175645941591,63.628
HK.02382,2019-01-10 10:48:00,63.628,63.628,63.678,63.628,0.0,0.0,31600,2057190.0,0.07864355594702123,63.578
HK.02382,2019-01-10 10:49:00,63.628,63.628,63.628,63.628,0.0,0.0,4800,312480.0,0.0,63.628
HK.02382,2019-01-10 10:50:00,63.678,63.628,63.678,63.628,0.0,0.0,6800,442970.0,0.0,63.628
HK.02382,2019-01-10 10:51:00,63.628,63.628,63.678,63.628,0.0,0.0,1900,123700.0,0.0,63.628
HK.02382,2019-01-10 10:52:00,63.678,63.728,63.778,63.678,0.0,0.0,43900,2861655.0,0.157163512918843,63.628
HK.02382,2019-01-10 10:53:00,63.728,63.728,63.728,63.728,0.0,0.0,100,6520.0,0.0,63.728
HK.02382,2019-01-10 10:54:00,63.678,63.678,63.728,63.678,0.0,0.0,9400,612810.0,-0.07845844840573102,63.728
HK.02382,2019-01-10 10:55:00,63.728,63.628,63.728,63.628,0.0,0.0,15100,983775.0,-0.0785200540217927,63.678
HK.02382,2019-01-10 10:56:00,63.678,63.678,63.728,63.678,0.0,0.0,14100,918620.0,0.07858175645941591,63.628
HK.02382,2019-01-10 10:57:00,63.728,63.728,63.778,63.678,0.0,0.0,84300,5497645.0,0.07852005402180386,63.678
HK.02382,2019-01-10 10:58:00,63.628,63.578,63.678,63.578,0.0,0.0,11000,716140.0,-0.23537534521717074,63.728
HK.02382,2019-01-10 10:59:00,63.578,63.628,63.628,63.578,0.0,0.0,1000,65055.0,0.07864355594702123,63.578
HK.02382,2019-01-10 11:00:00,63.578,63.678,63.678,63.578,0.0,0.0,15000,976595.0,0.07858175645941591,63.628
HK.02382,2019-01-10 11:01:00,63.628,63.628,63.628,63.528,0.0,0.0,8600,559255.0,-0.0785200540217927,63.678
HK.02382,2019-01-10 11:02:00,63.578,63.578,63.578,63.528,0.0,0.0,1500,97525.0,-0.07858175645941591,63.628
HK.02382,2019-01-10 11:03:00,63.578,63.578,63.628,63.578,0.0,0.0,12800,832705.0,0.0,63.578
HK.02382,2019-01-10 11:04:00,63.578,63.628,63.678,63.578,0.0,0.0,21000,1366860.0,0.07864355594702123,63.578
HK.02382,2019-01-10 11:05:00,63.628,63.828,63.828,63.628,0.0,0.0,38500,2510135.0,0.314327025837686,63.628
HK.02382,2019-01-10 11:06:00,63.828,63.978,63.978,63.828,0.0,0.0,83300,5445365.0,0.23500658018424295,63.828
HK.02382,2019-01-10 11:07:00,63.978,63.928,63.978,63.928,0.0,0.0,6400,418780.0,-0.07815186470349848,63.978
HK.02382,2019-01-10 11:08:00,63.978,64.028,64.028,63.928,0.0,0.0,29500,1931120.0,0.15642597922664328,63.928
HK.02382,2019-01-10 11:09:00,64.028,63.928,64.128,63.928,0.0,0.0,50900,3335175.0,-0.15618167051916118,64.028
HK.02382,2019-01-10 11:10:00,63.978,64.028,64.078,63.978,0.0,0.0,6100,399460.0,0.15642597922664328,63.928
HK.02382,2019-01-10 11:11:00,64.028,64.178,64.178,64.028,0.0,0.0,18000,1180005.0,0.23427250577870845,64.028
HK.02382,2019-01-10 11:12:00,64.178,63.978,64.178,63.878,0.0,0.0,26600,1743310.0,-0.31163326996789514,64.178
HK.02382,2019-01-10 11:13:00,64.028,64.228,64.228,63.978,0.0,0.0,17000,1115750.0,0.39075932351744797,63.978
HK.02382,2019-01-10 11:14:00,64.228,64.228,64.228,64.078,0.0,0.0,11900,781325.0,0.0,64.228
HK.02382,2019-01-10 11:15:00,64.228,64.178,64.228,64.078,0.0,0.0,4900,321685.0,-0.07784766768387177,64.228
HK.02382,2019-01-10 11:16:00,64.178,64.178,64.228,64.128,0.0,0.0,8700,571155.0,0.0,64.178
HK.02382,2019-01-10 11:17:00,64.178,64.128,64.178,64.078,0.0,0.0,22500,1476210.0,-0.07790831749197102,64.178
HK.02382,2019-01-10 11:18:00,64.128,63.978,64.128,63.978,0.0,0.0,10100,661955.0,-0.23390718562874027,64.128
HK.02382,2019-01-10 11:19:00,63.978,64.028,64.178,63.928,0.0,0.0,7400,485105.0,0.07815186470349848,63.978
HK.02382,2019-01-10 11:20:00,64.028,63.978,64.078,63.978,0.0,0.0,6200,405995.0,-0.07809083525958059,64.028
HK.02382,2019-01-10 11:21:00,64.028,64.078,64.128,64.028,0.0,0.0,1900,124545.0,0.15630372940698586,63.978
HK.02382,2019-01-10 11:22:00,64.128,64.028,64.128,64.028,0.0,0.0,7000,459065.0,-0.07802990105808102,64.078
HK.02382,2019-01-10 11:23:00,64.028,64.078,64.078,64.028,0.0,0.0,6300,412760.0,0.07809083525956949,64.028
HK.02382,2019-01-10 11:24:00,64.128,64.128,64.128,64.078,0.0,0.0,11700,767185.0,0.07802990105808102,64.078
HK.02382,2019-01-10 11:25:00,64.128,64.378,64.378,64.128,0.0,0.0,22200,1459040.0,0.3898453093812375,64.128
HK.02382,2019-01-10 11:26:00,64.378,64.378,64.428,64.378,0.0,0.0,13700,902170.0,0.0,64.378
HK.02382,2019-01-10 11:27:00,64.378,64.378,64.378,64.378,0.0,0.0,2300,151455.0,0.0,64.378
HK.02382,2019-01-10 11:28:00,64.378,64.328,64.378,64.328,0.0,0.0,22400,1474155.0,-0.07766628351299693,64.378
HK.02382,2019-01-10 11:29:00,64.328,64.328,64.378,64.278,0.0,0.0,30000,1974775.0,0.0,64.328
HK.02382,2019-01-10 11:30:00,64.328,64.328,64.328,64.278,0.0,0.0,14700,967175.0,0.0,64.328
HK.02382,2019-01-10 11:31:00,64.328,64.328,64.378,64.328,0.0,0.0,6100,401405.0,0.0,64.328
HK.02382,2019-01-10 11:32:00,64.328,64.278,64.328,64.278,0.0,0.0,8300,546015.0,-0.077726650914061,64.328
HK.02382,2019-01-10 11:33:00,64.328,64.278,64.328,64.278,0.0,0.0,2600,171020.0,0.0,64.278
HK.02382,2019-01-10 11:34:00,64.328,64.428,64.428,64.328,0.0,0.0,31200,2053735.0,0.23336133669372328,64.278
HK.02382,2019-01-10 11:35:00,64.428,64.378,64.428,64.328,0.0,0.0,9600,632220.0,-0.07760600980939523,64.428
HK.02382,2019-01-10 11:36:00,64.378,64.628,64.678,64.378,0.0,0.0,207100,13669365.0,0.38833141756500666,64.378
HK.02382,2019-01-10 11:37:00,64.628,64.628,64.628,64.628,0.0,0.0,19800,1308780.0,0.0,64.628
HK.02382,2019-01-10 11:38:00,64.628,64.828,64.828,64.628,0.0,0.0,85500,5660425.0,0.3094633904809105,64.628
HK.02382,2019-01-10 11:39:00,64.828,64.828,64.928,64.828,0.0,0.0,36500,2421335.0,0.0,64.828
HK.02382,2019-01-10 11:40:00,64.878,64.928,64.978,64.828,0.0,0.0,51700,3433065.0,0.154254334546792,64.828
HK.02382,2019-01-10 11:41:00,64.928,64.828,64.978,64.778,0.0,0.0,27700,1838880.0,-0.15401675702315537,64.928
HK.02382,2019-01-10 11:42:00,64.828,64.778,64.828,64.728,0.0,0.0,11500,761945.0,-0.077127167273396,64.828
HK.02382,2019-01-10 11:43:00,64.728,64.778,64.778,64.678,0.0,0.0,9800,648700.0,0.0,64.778
HK.02382,2019-01-10 11:44:00,64.728,64.678,64.878,64.678,0.0,0.0,34200,2265340.0,-0.154373398376005,64.778
HK.02382,2019-01-10 11:45:00,64.678,64.728,64.728,64.628,0.0,0.0,16700,1104485.0,0.07730603914777384,64.678
HK.02382,2019-01-10 11:46:00,64.678,64.778,64.778,64.678,0.0,0.0,33900,2244185.0,0.0772463230750392,64.728
HK.02382,2019-01-10 11:47:00,64.778,64.728,64.778,64.678,0.0,0.0,21400,1416240.0,-0.07718669918801346,64.778
HK.02382,2019-01-10 11:48:00,64.678,64.728,64.728,64.678,0.0,0.0,16100,1065335.0,0.0,64.728
HK.02382,2019-01-10 11:49:00,64.728,64.878,64.878,64.728,0.0,0.0,43000,2848560.0,0.23173896922507367,64.728
HK.02382,2019-01-10 11:50:00,64.878,64.928,64.928,64.828,0.0,0.0,7500,497680.0,0.07706772711858745,64.878
HK.02382,2019-01-10 11:51:00,64.878,64.878,64.928,64.878,0.0,0.0,5500,364945.0,-0.07700837851157769,64.928
HK.02382,2019-01-10 11:52:00,64.878,64.778,64.878,64.778,0.0,0.0,9400,623435.0,-0.1541354542371749,64.878
HK.02382,2019-01-10 11:53:00,64.728,64.628,64.728,64.628,0.0,0.0,15000,991775.0,-0.2315600975639965,64.778
HK.02382,2019-01-10 11:54:00,64.678,64.678,64.728,64.628,0.0,0.0,8000,529300.0,0.07736584762022213,64.628
HK.02382,2019-01-10 11:55:00,64.678,64.728,64.728,64.678,0.0,0.0,22000,1456315.0,0.07730603914777384,64.678
HK.02382,2019-01-10 11:56:00,64.728,64.678,64.778,64.628,0.0,0.0,64500,4268375.0,-0.07724632307501725,64.728
HK.02382,2019-01-10 11:57:00,64.728,64.828,64.828,64.728,0.0,0.0,4700,311380.0,0.23191811744334348,64.678
HK.02382,2019-01-10 11:58:00,64.878,64.828,64.878,64.828,0.0,0.0,3700,245365.0,0.0,64.828
HK.02382,2019-01-10 11:59:00,64.828,64.728,64.828,64.678,0.0,0.0,10900,721740.0,-0.15425433454681392,64.828
HK.02382,2019-01-10 12:00:00,64.728,64.928,64.928,64.728,0.0,0.0,32300,2141325.0,0.3089852923000909,64.728
HK.02382,2019-01-10 13:01:00,64.878,65.278,65.278,64.678,0.0,0.0,208000,13831705.0,0.5390586495810876,64.928
HK.02382,2019-01-10 13:02:00,65.278,65.128,65.278,65.128,0.0,0.0,13300,886840.0,-0.2297864517908111,65.278
HK.02382,2019-01-10 13:03:00,65.128,65.028,65.128,65.028,0.0,0.0,7900,525805.0,-0.15354379068909582,65.128
HK.02382,2019-01-10 13:04:00,65.078,64.878,65.078,64.878,0.0,0.0,9300,618100.0,-0.23066986528880737,65.028
HK.02382,2019-01-10 13:05:00,64.878,64.728,64.928,64.678,0.0,0.0,10600,702300.0,-0.23120318135578422,64.878
HK.02382,2019-01-10 13:06:00,64.728,64.828,64.828,64.528,0.0,0.0,46400,3066730.0,0.15449264615005645,64.728
HK.02382,2019-01-10 13:07:00,64.828,64.728,64.828,64.678,0.0,0.0,23400,1550740.0,-0.15425433454681392,64.828
HK.02382,2019-01-10 13:08:00,64.628,64.678,64.678,64.628,0.0,0.0,1800,119010.0,-0.07724632307501725,64.728
HK.02382,2019-01-10 13:09:00,64.678,64.628,64.678,64.628,0.0,0.0,4400,290890.0,-0.07730603914777384,64.678
HK.02382,2019-01-10 13:10:00,64.628,64.578,64.628,64.578,0.0,0.0,10900,720465.0,-0.07736584762022213,64.628
HK.02382,2019-01-10 13:11:00,64.578,64.528,64.578,64.478,0.0,0.0,45000,2969315.0,-0.07742574870698558,64.578
HK.02382,2019-01-10 13:12:00,64.528,64.628,64.678,64.528,0.0,0.0,32100,2120650.0,0.1549714852467058,64.528
HK.02382,2019-01-10 13:13:00,64.578,64.528,64.578,64.528,0.0,0.0,3900,257555.0,-0.15473169524044425,64.628
HK.02382,2019-01-10 13:14:00,64.628,64.578,64.628,64.528,0.0,0.0,3200,211235.0,0.0774857426233529,64.528
HK.02382,2019-01-10 13:15:00,64.528,64.378,64.578,64.328,0.0,0.0,53000,3493120.0,-0.3097029948279644,64.578
HK.02382,2019-01-10 13:16:00,64.328,64.128,64.328,64.128,0.0,0.0,35800,2350850.0,-0.38833141756500666,64.378
HK.02382,2019-01-10 13:17:00,64.178,64.178,64.228,64.178,0.0,0.0,14500,952270.0,0.07796906187624307,64.128
HK.02382,2019-01-10 13:18:00,64.128,64.128,64.178,64.128,0.0,0.0,4100,268965.0,-0.07790831749197102,64.178
HK.02382,2019-01-10 13:19:00,64.128,64.078,64.128,64.078,0.0,0.0,13800,905185.0,-0.07796906187624307,64.128
HK.02382,2019-01-10 13:20:00,64.078,64.178,64.328,64.078,0.0,0.0,29900,1964065.0,0.15605980211616205,64.078
HK.02382,2019-01-10 13:21:00,64.228,64.078,64.228,64.078,0.0,0.0,16400,1076480.0,-0.15581663498394205,64.178
HK.02382,2019-01-10 13:22:00,64.078,64.028,64.078,64.028,0.0,0.0,4300,281750.0,-0.07802990105808102,64.078
HK.02382,2019-01-10 13:23:00,64.028,64.178,64.178,64.028,0.0,0.0,17300,1133540.0,0.23427250577870845,64.028
HK.02382,2019-01-10 13:24:00,64.178,64.078,64.178,64.078,0.0,0.0,8600,564065.0,-0.15581663498394205,64.178
HK.02382,2019-01-10 13:25:00,64.028,63.978,64.028,63.978,0.0,0.0,16200,1060805.0,-0.15605980211617312,64.078
HK.02382,2019-01-10 13:26:00,63.978,63.978,63.978,63.978,0.0,0.0,1600,104720.0,0.0,63.978
HK.02382,2019-01-10 13:27:00,64.028,64.028,64.028,63.978,0.0,0.0,19100,1250955.0,0.07815186470349848,63.978
HK.02382,2019-01-10 13:28:00,64.078,63.828,64.078,63.828,0.0,0.0,31700,2074345.0,-0.31236334103830016,64.028
HK.02382,2019-01-10 13:29:00,63.828,63.928,63.928,63.828,0.0,0.0,8300,542520.0,0.15667105345615454,63.828
HK.02382,2019-01-10 13:30:00,63.978,63.928,63.978,63.928,0.0,0.0,9500,621655.0,0.0,63.928
HK.02382,2019-01-10 13:31:00,63.978,64.078,64.128,63.978,0.0,0.0,32400,2122915.0,0.23463896883995383,63.928
HK.02382,2019-01-10 13:32:00,64.028,64.078,64.078,64.028,0.0,0.0,2200,144105.0,0.0,64.078
HK.02382,2019-01-10 13:33:00,64.078,64.128,64.128,64.078,0.0,0.0,6000,393330.0,0.07802990105808102,64.078
HK.02382,2019-01-10 13:34:00,64.078,64.078,64.078,64.078,0.0,0.0,2800,183540.0,-0.07796906187624307,64.128
HK.02382,2019-01-10 13:35:00,64.078,64.078,64.078,64.028,0.0,0.0,10300,675075.0,0.0,64.078
HK.02382,2019-01-10 13:36:00,64.128,64.078,64.128,64.078,0.0,0.0,3300,216355.0,0.0,64.078
HK.02382,2019-01-10 13:37:00,64.078,64.428,64.428,64.078,0.0,0.0,98100,6440710.0,0.5462093074065894,64.078
HK.02382,2019-01-10 13:38:00,64.378,64.328,64.378,64.328,0.0,0.0,16500,1086230.0,-0.15521201961879047,64.428
HK.02382,2019-01-10 13:39:00,64.378,64.428,64.478,64.328,0.0,0.0,16400,1079980.0,0.155453301828122,64.328
HK.02382,2019-01-10 13:40:00,64.428,64.428,64.428,64.428,0.0,0.0,1000,65900.0,0.0,64.428
HK.02382,2019-01-10 13:41:00,64.428,64.378,64.478,64.378,0.0,0.0,11100,731390.0,-0.07760600980939523,64.428
HK.02382,2019-01-10 13:42:00,64.328,64.378,64.378,64.328,0.0,0.0,3200,210675.0,0.0,64.378
HK.02382,2019-01-10 13:43:00,64.378,64.378,64.378,64.328,0.0,0.0,2200,144820.0,0.0,64.378
HK.02382,2019-01-10 13:44:00,64.378,64.328,64.378,64.278,0.0,0.0,6400,421075.0,-0.07766628351299693,64.378
HK.02382,2019-01-10 13:45:00,64.278,64.328,64.378,64.278,0.0,0.0,4700,309205.0,0.0,64.328
HK.02382,2019-01-10 13:46:00,64.328,64.328,64.328,64.328,0.0,0.0,2000,131600.0,0.0,64.328
HK.02382,2019-01-10 13:47:00,64.378,64.328,64.378,64.328,0.0,0.0,7200,473775.0,0.0,64.328
HK.02382,2019-01-10 13:48:00,64.278,64.428,64.428,64.278,0.0,0.0,8300,546225.0,0.155453301828122,64.328
HK.02382,2019-01-10 13:49:00,64.478,64.428,64.478,64.378,0.0,0.0,12400,816950.0,0.0,64.428
HK.02382,2019-01-10 13:50:00,64.428,64.428,64.428,64.378,0.0,0.0,5000,329435.0,0.0,64.428
HK.02382,2019-01-10 13:51:00,64.478,64.478,64.478,64.478,0.0,0.0,4900,323155.0,0.07760600980939523,64.428
HK.02382,2019-01-10 13:52:00,64.528,64.478,64.528,64.478,0.0,0.0,8600,567320.0,0.0,64.478
HK.02382,2019-01-10 13:53:00,64.478,64.428,64.478,64.428,0.0,0.0,9200,606665.0,-0.0775458295852805,64.478
HK.02382,2019-01-10 13:54:00,64.428,64.528,64.528,64.428,0.0,0.0,6800,448650.0,0.1552120196188125,64.428
HK.02382,2019-01-10 13:55:00,64.478,64.478,64.478,64.478,0.0,0.0,1600,105520.0,-0.07748574262337492,64.528
HK.02382,2019-01-10 13:56:00,64.528,64.478,64.528,64.478,0.0,0.0,4400,290245.0,0.0,64.478
HK.02382,2019-01-10 13:57:00,64.478,64.478,64.528,64.478,0.0,0.0,6200,409025.0,0.0,64.478
HK.02382,2019-01-10 13:58:00,64.478,64.628,64.628,64.478,0.0,0.0,46500,3069060.0,0.23263748875586354,64.478
HK.02382,2019-01-10 13:59:00,64.628,64.778,64.778,64.628,0.0,0.0,15100,999710.0,0.23209754286068837,64.628
HK.02382,2019-01-10 14:00:00,64.728,64.578,64.728,64.578,0.0,0.0,13100,866925.0,-0.3087467967519881,64.778
HK.02382,2019-01-10 14:01:00,64.628,64.628,64.678,64.628,0.0,0.0,9300,614980.0,0.07742574870698558,64.578
HK.02382,2019-01-10 14:02:00,64.628,64.528,64.628,64.478,0.0,0.0,14800,977080.0,-0.15473169524044425,64.628
HK.02382,2019-01-10 14:03:00,64.528,64.428,64.528,64.378,0.0,0.0,17500,1153450.0,-0.1549714852467278,64.528
HK.02382,2019-01-10 14:04:00,64.428,64.478,64.528,64.428,0.0,0.0,6800,448380.0,0.07760600980939523,64.428
HK.02382,2019-01-10 14:05:00,64.478,64.478,64.478,64.428,0.0,0.0,2300,151630.0,0.0,64.478
HK.02382,2019-01-10 14:06:00,64.478,64.578,64.578,64.478,0.0,0.0,9400,620245.0,0.15509165917058304,64.478
HK.02382,2019-01-10 14:07:00,64.528,64.528,64.628,64.478,0.0,0.0,14000,923855.0,-0.07742574870698558,64.578
HK.02382,2019-01-10 14:08:00,64.528,64.478,64.528,64.478,0.0,0.0,1100,72550.0,-0.07748574262337492,64.528
HK.02382,2019-01-10 14:09:00,64.478,64.678,64.728,64.478,0.0,0.0,59900,3956065.0,0.31018331834114404,64.478
HK.02382,2019-01-10 14:10:00,64.678,64.528,64.778,64.528,0.0,0.0,40300,2663305.0,-0.2319181174433215,64.678
HK.02382,2019-01-10 14:11:00,64.578,64.528,64.578,64.528,0.0,0.0,8500,561105.0,0.0,64.528
HK.02382,2019-01-10 14:12:00,64.478,64.478,64.478,64.478,0.0,0.0,14900,982655.0,-0.07748574262337492,64.528
HK.02382,2019-01-10 14:13:00,64.528,64.478,64.528,64.478,0.0,0.0,1700,112125.0,0.0,64.478
HK.02382,2019-01-10 14:14:00,64.528,64.528,64.528,64.478,0.0,0.0,15500,1022420.0,0.07754582958530254,64.478
HK.02382,2019-01-10 14:15:00,64.478,64.628,64.628,64.478,0.0,0.0,24700,1629450.0,0.1549714852467058,64.528
HK.02382,2019-01-10 14:16:00,64.628,64.728,64.728,64.578,0.0,0.0,9500,628145.0,0.15473169524044425,64.628
HK.02382,2019-01-10 14:17:00,64.728,64.678,64.728,64.628,0.0,0.0,12400,820180.0,-0.07724632307501725,64.728
HK.02382,2019-01-10 14:18:00,64.628,64.678,64.678,64.628,0.0,0.0,2200,145465.0,0.0,64.678
HK.02382,2019-01-10 14:19:00,64.628,64.578,64.628,64.528,0.0,0.0,6300,416005.0,-0.15461207829554768,64.678
HK.02382,2019-01-10 14:20:00,64.528,64.578,64.578,64.528,0.0,0.0,14300,943830.0,0.0,64.578
HK.02382,2019-01-10 14:21:00,64.578,64.478,64.578,64.478,0.0,0.0,10100,666410.0,-0.15485149741399318,64.578
HK.02382,2019-01-10 14:22:00,64.528,64.678,64.678,64.428,0.0,0.0,41800,2758485.0,0.31018331834114404,64.478
HK.02382,2019-01-10 14:23:00,64.628,64.578,64.678,64.578,0.0,0.0,8300,548615.0,-0.15461207829554768,64.678
HK.02382,2019-01-10 14:24:00,64.578,64.528,64.578,64.528,0.0,0.0,7200,475415.0,-0.07742574870698558,64.578
HK.02382,2019-01-10 14:25:00,64.478,64.478,64.478,64.478,0.0,0.0,9500,626525.0,-0.07748574262337492,64.528
HK.02382,2019-01-10 14:26:00,64.528,64.578,64.578,64.528,0.0,0.0,9900,653555.0,0.15509165917058304,64.478
HK.02382,2019-01-10 14:27:00,64.578,64.528,64.578,64.528,0.0,0.0,22200,1465715.0,-0.07742574870698558,64.578
HK.02382,2019-01-10 14:28:00,64.528,64.628,64.778,64.528,0.0,0.0,53900,3560255.0,0.1549714852467058,64.528
HK.02382,2019-01-10 14:29:00,64.628,64.678,64.678,64.628,0.0,0.0,4200,277725.0,0.07736584762022213,64.628
HK.02382,2019-01-10 14:30:00,64.678,64.728,64.878,64.678,0.0,0.0,75700,5012435.0,0.07730603914777384,64.678
HK.02382,2019-01-10 14:31:00,64.728,64.678,64.778,64.478,0.0,0.0,18100,1195395.0,-0.07724632307501725,64.728
HK.02382,2019-01-10 14:32:00,64.628,64.528,64.678,64.478,0.0,0.0,20200,1333570.0,-0.2319181174433215,64.678
HK.02382,2019-01-10 14:33:00,64.528,64.528,64.528,64.428,0.0,0.0,15500,1022025.0,0.0,64.528
HK.02382,2019-01-10 14:34:00,64.528,64.478,64.528,64.428,0.0,0.0,26700,1760965.0,-0.07748574262337492,64.528
HK.02382,2019-01-10 14:35:00,64.478,64.378,64.478,64.328,0.0,0.0,17500,1152590.0,-0.155091659170561,64.478
HK.02382,2019-01-10 14:36:00,64.378,64.328,64.428,64.328,0.0,0.0,4800,316065.0,-0.07766628351299693,64.378
HK.02382,2019-01-10 14:37:00,64.378,64.328,64.378,64.228,0.0,0.0,11600,762945.0,0.0,64.328
HK.02382,2019-01-10 14:38:00,64.328,64.328,64.328,64.278,0.0,0.0,3400,223625.0,0.0,64.328
HK.02382,2019-01-10 14:39:00,64.278,64.228,64.328,64.228,0.0,0.0,18700,1229120.0,-0.15545330182814407,64.328
HK.02382,2019-01-10 14:40:00,64.228,64.028,64.228,64.028,0.0,0.0,27200,1783630.0,-0.3113906707354871,64.228
HK.02382,2019-01-10 14:41:00,64.028,64.028,64.078,64.028,0.0,0.0,18900,1238030.0,0.0,64.028
HK.02382,2019-01-10 14:42:00,63.978,63.978,63.978,63.878,0.0,0.0,25500,1667805.0,-0.07809083525958059,64.028
HK.02382,2019-01-10 14:43:00,63.928,63.928,63.978,63.878,0.0,0.0,4500,294240.0,-0.07815186470349848,63.978
HK.02382,2019-01-10 14:44:00,63.928,64.228,64.228,63.928,0.0,0.0,38100,2498215.0,0.46927793767988546,63.928
HK.02382,2019-01-10 14:45:00,64.228,64.428,64.478,64.178,0.0,0.0,63200,4156875.0,0.3113906707355092,64.228
HK.02382,2019-01-10 14:46:00,64.328,64.378,64.378,64.328,0.0,0.0,5000,329030.0,-0.07760600980939523,64.428
HK.02382,2019-01-10 14:47:00,64.378,64.428,64.478,64.378,0.0,0.0,34000,2239910.0,0.07766628351299693,64.378
HK.02382,2019-01-10 14:48:00,64.428,64.478,64.478,64.428,0.0,0.0,9800,645870.0,0.07760600980939523,64.428
HK.02382,2019-01-10 14:49:00,64.428,64.678,64.678,64.428,0.0,0.0,41100,2713875.0,0.31018331834114404,64.478
HK.02382,2019-01-10 14:50:00,64.628,64.578,64.628,64.578,0.0,0.0,7800,515335.0,-0.15461207829554768,64.678
HK.02382,2019-01-10 14:51:00,64.578,64.678,64.678,64.478,0.0,0.0,44000,2905370.0,0.15485149741397117,64.578
HK.02382,2019-01-10 14:52:00,64.678,64.578,64.678,64.528,0.0,0.0,8800,581425.0,-0.15461207829554768,64.678
HK.02382,2019-01-10 14:53:00,64.578,64.678,64.678,64.578,0.0,0.0,11200,740375.0,0.15485149741397117,64.578
HK.02382,2019-01-10 14:54:00,64.678,64.678,64.728,64.578,0.0,0.0,55300,3656385.0,0.0,64.678
HK.02382,2019-01-10 14:55:00,64.628,64.678,64.678,64.628,0.0,0.0,7000,462875.0,0.0,64.678
HK.02382,2019-01-10 14:56:00,64.628,64.678,64.678,64.578,0.0,0.0,14200,938685.0,0.0,64.678
HK.02382,2019-01-10 14:57:00,64.578,64.678,64.678,64.578,0.0,0.0,14500,958075.0,0.0,64.678
HK.02382,2019-01-10 14:58:00,64.628,64.678,64.728,64.578,0.0,0.0,26000,1718695.0,0.0,64.678
HK.02382,2019-01-10 14:59:00,64.628,64.678,64.728,64.478,0.0,0.0,74500,4919900.0,0.0,64.678
HK.02382,2019-01-10 15:00:00,64.628,64.628,64.728,64.578,0.0,0.0,28600,1890215.0,-0.07730603914777384,64.678
HK.02382,2019-01-10 15:01:00,64.628,64.628,64.678,64.628,0.0,0.0,9700,641550.0,0.0,64.628
HK.02382,2019-01-10 15:02:00,64.628,64.628,64.678,64.628,0.0,0.0,8000,528850.0,0.0,64.628
HK.02382,2019-01-10 15:03:00,64.678,64.728,64.878,64.628,0.0,0.0,67100,4443830.0,0.15473169524044425,64.628
HK.02382,2019-01-10 15:04:00,64.728,64.778,64.878,64.728,0.0,0.0,37600,2490870.0,0.0772463230750392,64.728
HK.02382,2019-01-10 15:05:00,64.728,64.828,64.878,64.728,0.0,0.0,36400,2411740.0,0.07718669918799152,64.778
HK.02382,2019-01-10 15:06:00,64.828,64.828,64.828,64.728,0.0,0.0,26600,1762180.0,0.0,64.828
HK.02382,2019-01-10 15:07:00,64.778,64.828,64.828,64.778,0.0,0.0,18100,1199490.0,0.0,64.828
HK.02382,2019-01-10 15:08:00,64.828,64.828,64.828,64.728,0.0,0.0,21500,1424325.0,0.0,64.828
HK.02382,2019-01-10 15:09:00,64.778,64.828,64.828,64.578,0.0,0.0,40600,2689170.0,0.0,64.828
HK.02382,2019-01-10 15:10:00,64.828,64.828,64.828,64.778,0.0,0.0,39000,2584415.0,0.0,64.828
HK.02382,2019-01-10 15:11:00,64.828,64.978,65.028,64.828,0.0,0.0,105400,7004445.0,0.231381501820188,64.828
HK.02382,2019-01-10 15:12:00,64.928,64.928,64.978,64.878,0.0,0.0,22400,1487085.0,-0.07694912124103105,64.978
HK.02382,2019-01-10 15:13:00,64.928,64.928,64.978,64.878,0.0,0.0,33000,2191075.0,0.0,64.928
HK.02382,2019-01-10 15:14:00,64.928,64.928,64.928,64.878,0.0,0.0,29800,1978230.0,0.0,64.928
HK.02382,2019-01-10 15:15:00,64.928,64.928,64.978,64.878,0.0,0.0,21800,1447450.0,0.0,64.928
HK.02382,2019-01-10 15:16:00,64.928,64.928,64.978,64.878,0.0,0.0,59400,3944495.0,0.0,64.928
HK.02382,2019-01-10 15:17:00,64.928,64.928,64.978,64.878,0.0,0.0,66100,4388570.0,0.0,64.928
HK.02382,2019-01-10 15:18:00,64.928,64.928,64.928,64.878,0.0,0.0,29900,1985150.0,0.0,64.928
HK.02382,2019-01-10 15:19:00,64.928,64.928,64.928,64.878,0.0,0.0,28700,1905440.0,0.0,64.928
HK.02382,2019-01-10 15:20:00,64.928,64.928,64.978,64.878,0.0,0.0,17500,1161960.0,0.0,64.928
HK.02382,2019-01-10 15:21:00,64.928,64.928,64.978,64.928,0.0,0.0,42100,2796015.0,0.0,64.928
HK.02382,2019-01-10 15:22:00,64.928,64.928,64.928,64.928,0.0,0.0,7900,524560.0,0.0,64.928
HK.02382,2019-01-10 15:23:00,64.928,64.928,64.978,64.878,0.0,0.0,29800,1978205.0,0.0,64.928
HK.02382,2019-01-10 15:24:00,64.928,64.928,64.978,64.878,0.0,0.0,23200,1540475.0,0.0,64.928
HK.02382,2019-01-10 15:25:00,64.928,64.928,64.978,64.878,0.0,0.0,29600,1965175.0,0.0,64.928
HK.02382,2019-01-10 15:26:00,64.928,64.928,64.978,64.878,0.0,0.0,54600,3626290.0,0.0,64.928
HK.02382,2019-01-10 15:27:00,64.928,64.928,64.978,64.878,0.0,0.0,50300,3341780.0,0.0,64.928
HK.02382,2019-01-10 15:28:00,64.928,64.928,64.978,64.878,0.0,0.0,54700,3631850.0,0.0,64.928
HK.02382,2019-01-10 15:29:00,64.928,64.978,64.978,64.928,0.0,0.0,33600,2232275.0,0.07700837851157769,64.928
HK.02382,2019-01-10 15:30:00,64.978,64.978,65.028,64.928,0.0,0.0,35400,2351950.0,0.0,64.978
HK.02382,2019-01-10 15:31:00,64.978,64.978,64.978,64.978,0.0,0.0,1600,106320.0,0.0,64.978
HK.02382,2019-01-10 15:32:00,65.028,65.178,65.228,64.978,0.0,0.0,96600,6429615.0,0.30779648496414613,64.978
HK.02382,2019-01-10 15:33:00,65.178,65.128,65.178,65.078,0.0,0.0,2500,166560.0,-0.07671300131945927,65.178
HK.02382,2019-01-10 15:34:00,65.078,65.228,65.228,65.078,0.0,0.0,30700,2044925.0,0.15354379068909582,65.128
HK.02382,2019-01-10 15:35:00,65.228,65.178,65.228,65.178,0.0,0.0,30300,2020115.0,-0.07665419758385535,65.228
HK.02382,2019-01-10 15:36:00,65.178,65.178,65.178,65.178,0.0,0.0,9400,626510.0,0.0,65.178
HK.02382,2019-01-10 15:37:00,65.178,65.178,65.228,65.178,0.0,0.0,1000,66665.0,0.0,65.178
HK.02382,2019-01-10 15:38:00,65.178,65.128,65.228,65.128,0.0,0.0,38800,2585610.0,-0.07671300131945927,65.178
HK.02382,2019-01-10 15:39:00,65.178,65.178,65.278,65.178,0.0,0.0,49300,3288190.0,0.07677189534454791,65.128
HK.02382,2019-01-10 15:40:00,65.128,65.228,65.228,65.128,0.0,0.0,16200,1079660.0,0.07671300131945927,65.178
HK.02382,2019-01-10 15:41:00,65.178,65.178,65.228,65.128,0.0,0.0,6600,439960.0,-0.07665419758385535,65.228
HK.02382,2019-01-10 15:42:00,65.178,65.278,65.278,65.128,0.0,0.0,45800,3051650.0,0.15342600263894035,65.178
HK.02382,2019-01-10 15:43:00,65.228,65.228,65.228,65.178,0.0,0.0,3400,226765.0,-0.07659548393028488,65.278
HK.02382,2019-01-10 15:44:00,65.228,65.278,65.278,65.128,0.0,0.0,19600,1306565.0,0.07665419758387712,65.228
HK.02382,2019-01-10 15:45:00,65.278,65.278,65.278,65.178,0.0,0.0,23200,1548265.0,0.0,65.278
HK.02382,2019-01-10 15:46:00,65.278,65.178,65.278,65.178,0.0,0.0,17800,1187260.0,-0.15319096786054798,65.278
HK.02382,2019-01-10 15:47:00,65.178,65.128,65.228,65.128,0.0,0.0,40200,2678255.0,-0.07671300131945927,65.178
HK.02382,2019-01-10 15:48:00,65.178,65.128,65.228,65.128,0.0,0.0,51500,3430445.0,0.0,65.128
HK.02382,2019-01-10 15:49:00,65.128,65.178,65.178,65.028,0.0,0.0,35300,2350710.0,0.07677189534454791,65.128
HK.02382,2019-01-10 15:50:00,65.128,65.178,65.178,65.078,0.0,0.0,16100,1072345.0,0.0,65.178
HK.02382,2019-01-10 15:51:00,65.228,65.228,65.278,65.178,0.0,0.0,21700,1447845.0,0.07671300131945927,65.178
HK.02382,2019-01-10 15:52:00,65.278,65.278,65.328,65.228,0.0,0.0,14900,994375.0,0.07665419758387712,65.228
HK.02382,2019-01-10 15:53:00,65.278,65.278,65.328,65.228,0.0,0.0,29500,1969710.0,0.0,65.278
HK.02382,2019-01-10 15:54:00,65.278,65.278,65.278,65.178,0.0,0.0,22900,1527625.0,0.0,65.278
HK.02382,2019-01-10 15:55:00,65.228,65.228,65.278,65.128,0.0,0.0,45600,3040270.0,-0.07659548393028488,65.278
HK.02382,2019-01-10 15:56:00,65.228,65.228,65.278,65.178,0.0,0.0,25600,1707290.0,0.0,65.228
HK.02382,2019-01-10 15:57:00,65.228,65.228,65.278,65.228,0.0,0.0,21100,1407735.0,0.0,65.228
HK.02382,2019-01-10 15:58:00,65.228,65.278,65.378,65.228,0.0,0.0,86500,5775675.0,0.07665419758387712,65.228
HK.02382,2019-01-10 15:59:00,65.278,65.378,65.378,65.278,0.0,0.0,43200,2884740.0,0.15319096786052622,65.278
HK.02382,2019-01-10 16:00:00,65.378,65.478,65.478,65.278,0.0,0.0,727500,48703065.0,0.15295665208479048,65.378
